date,vix9d_open,vix9d_close,vix_open,vix_close,vix3m_open,vix3m_close,vix6m_open,vix6m_close,vvix_open,vvix_close,vix_vix3m_ratio_open,vix_vix3m_ratio_close,vix9d_vix_ratio_open,vix9d_vix_ratio_close
2023-06-01,16.2200,13.9800,17.4000,15.6500,19.9600,18.7500,22.3700,21.3700,89.4400,85.0700,0.8717,0.8347,0.9322,0.8933
2023-06-02,13.9100,12.7400,15.1300,14.6000,18.3000,17.9200,21.0000,20.6000,83.4900,86.1600,0.8268,0.8147,0.9194,0.8726
2023-06-03,,,,,,,,,,,,,,
2023-06-04,,,,,,,,,,,,,,
2023-06-05,15.0100,14.1400,15.1400,14.7300,18.2300,17.9000,20.7700,20.5200,88.3200,85.7700,0.8305,0.8229,0.9914,0.9599
2023-06-06,14.6500,13.8300,14.9100,13.9600,18.0600,17.0400,20.6800,19.7000,85.7800,85.7400,0.8256,0.8192,0.9826,0.9907
2023-06-07,14.0700,13.8600,13.9000,13.9400,17.1900,17.1400,19.8500,19.8000,85.0400,84.0000,0.8086,0.8133,1.0122,0.9943
2023-06-08,14.0800,13.5900,14.0800,13.6500,17.2700,16.8600,19.8600,19.4700,84.4000,87.6300,0.8153,0.8096,1.0000,0.9956
2023-06-09,13.4600,13.2900,13.6700,13.8300,16.8600,16.9600,19.4400,19.5500,87.7700,89.7000,0.8108,0.8154,0.9846,0.9610
2023-06-10,,,,,,,,,,,,,,
2023-06-11,,,,,,,,,,,,,,
2023-06-12,14.7800,15.3500,14.6800,15.0100,17.3000,17.2800,19.7500,19.6000,91.8100,92.8300,0.8486,0.8686,1.0068,1.0227
2023-06-13,14.5700,14.4000,14.6100,14.6100,17.0400,17.2300,19.4100,19.6200,88.4400,92.1000,0.8574,0.8479,0.9973,0.9856
2023-06-14,14.6400,12.7100,14.7300,13.8800,17.3300,16.8600,19.7000,19.4700,93.8500,91.9100,0.8500,0.8233,0.9939,0.9157
2023-06-15,13.0200,13.5800,14.0400,14.5000,17.0800,17.1800,19.6000,19.5000,94.1000,93.9500,0.8220,0.8440,0.9274,0.9366
2023-06-16,13.7800,11.3300,14.4700,13.5400,17.1800,16.7500,19.5300,19.3000,93.6000,90.6900,0.8423,0.8084,0.9523,0.8368
2023-06-17,,,,,,,,,,,,,,
2023-06-18,,,,,,,,,,,,,,
2023-06-19,,,14.1100,14.1900,,,,,,,,,,
2023-06-20,14.0400,12.9200,14.4500,13.8800,17.5000,17.3000,19.8000,19.7500,94.3400,96.2600,0.8257,0.8023,0.9716,0.9308
2023-06-21,13.0600,12.0300,13.6200,13.2000,17.3000,16.8900,19.7800,19.5300,97.5500,92.7300,0.7873,0.7815,0.9589,0.9114
2023-06-22,12.7100,11.1500,13.8000,12.9100,17.2600,16.5600,19.8300,19.2700,95.9500,90.6400,0.7995,0.7796,0.9210,0.8637
2023-06-23,12.1300,11.6100,13.7200,13.4400,17.1100,16.8700,19.6900,19.4900,93.8300,92.3400,0.8019,0.7967,0.8841,0.8638
2023-06-24,,,,,,,,,,,,,,
2023-06-25,,,,,,,,,,,,,,
2023-06-26,13.2200,12.6800,14.1800,14.2500,17.1200,17.0500,19.5900,19.5000,96.0500,95.4200,0.8283,0.8358,0.9323,0.8898
2023-06-27,12.7100,12.0500,14.1500,13.7400,16.9400,16.4400,19.3600,18.8800,93.7700,91.3300,0.8353,0.8358,0.8982,0.8770
2023-06-28,12.0900,11.7400,13.8300,13.4300,16.4500,15.9000,18.9100,18.3400,91.2800,85.7900,0.8407,0.8447,0.8742,0.8742
2023-06-29,12.1600,11.7500,13.6500,13.5400,16.0700,16.1000,18.4900,18.4900,86.2000,85.2600,0.8494,0.8410,0.8908,0.8678
2023-06-30,11.7100,11.5300,13.3700,13.5900,15.9400,16.0200,18.3800,18.3300,85.1500,83.1100,0.8388,0.8483,0.8758,0.8484
2023-07-01,,,,,,,,,,,,,,
2023-07-02,,,,,,,,,,,,,,
2023-07-03,12.8000,12.0000,13.8400,13.5700,16.1400,16.0700,18.4300,18.3700,85.7100,84.1700,0.8575,0.8444,0.9249,0.8843
2023-07-04,,,13.6300,13.7000,,,,,,,,,,
2023-07-05,13.4200,12.5700,14.4100,14.1800,16.5800,16.5100,18.7700,18.7100,88.3100,87.7600,0.8691,0.8589,0.9313,0.8865
2023-07-06,14.4800,13.9600,15.4700,15.4400,17.4300,17.5200,19.4300,19.5000,93.7500,95.3000,0.8876,0.8813,0.9360,0.9041
2023-07-07,13.9200,12.6000,15.4900,14.8300,17.7300,17.2400,19.7100,19.3100,97.8300,94.4900,0.8737,0.8602,0.8986,0.8496
2023-07-08,,,,,,,,,,,,,,
2023-07-09,,,,,,,,,,,,,,
2023-07-10,14.3000,13.5000,15.3400,15.0700,17.4100,17.2500,19.4100,19.2100,95.6000,95.3300,0.8811,0.8736,0.9322,0.8958
2023-07-11,13.3600,13.7000,14.8900,14.8400,17.0600,16.9700,19.0500,18.9700,94.9700,95.2100,0.8728,0.8745,0.8972,0.9232
2023-07-12,12.5900,11.3800,14.0500,13.5400,16.3700,16.1100,18.4700,18.2600,94.6600,95.8500,0.8583,0.8405,0.8961,0.8405
2023-07-13,11.8300,12.1300,13.4100,13.6100,15.9100,16.1200,18.1600,18.2400,94.8500,96.4300,0.8429,0.8443,0.8822,0.8913
2023-07-14,12.4200,11.9000,13.7000,13.3400,16.1700,16.0400,18.2500,18.2100,96.2200,94.8900,0.8472,0.8317,0.9066,0.8921
2023-07-15,,,,,,,,,,,,,,
2023-07-16,,,,,,,,,,,,,,
2023-07-17,13.9200,13.0900,13.8600,13.4800,16.2700,16.2700,18.4100,18.2700,96.5700,95.9800,0.8519,0.8285,1.0043,0.9711
2023-07-18,13.5600,13.1500,13.6600,13.3000,16.3300,16.1300,18.3300,18.1500,96.0700,92.9900,0.8365,0.8246,0.9927,0.9887
2023-07-19,13.3300,13.3600,13.1800,13.7600,15.9600,16.5600,18.0400,18.5900,91.8600,93.5700,0.8258,0.8309,1.0114,0.9709
2023-07-20,13.8300,13.5700,14.0200,13.9900,16.6100,16.6600,18.6600,18.7400,92.8900,94.0600,0.8441,0.8397,0.9864,0.9700
2023-07-21,13.4200,12.5000,13.8400,13.6000,16.5300,16.4000,18.6400,18.5200,93.1700,93.3600,0.8373,0.8293,0.9697,0.9191
2023-07-22,,,,,,,,,,,,,,
2023-07-23,,,,,,,,,,,,,,
2023-07-24,14.0000,13.4100,14.1200,13.9100,16.4600,16.2600,18.5700,18.3900,94.5500,91.7400,0.8578,0.8555,0.9915,0.9641
2023-07-25,13.8300,13.4900,14.0300,13.8600,16.3500,16.2200,18.4900,18.3600,92.3700,90.0000,0.8581,0.8545,0.9857,0.9733
2023-07-26,13.7200,11.7400,14.1100,13.1900,16.4300,15.7900,18.5800,18.1200,90.5000,85.3800,0.8588,0.8353,0.9724,0.8901
2023-07-27,11.6200,13.4700,12.9300,14.4100,15.5800,16.6300,17.9400,18.7400,82.8100,94.0500,0.8299,0.8665,0.8987,0.9348
2023-07-28,12.1400,11.2300,13.4700,13.3300,15.8700,15.9200,18.1400,18.2700,88.2700,87.3800,0.8488,0.8373,0.9013,0.8425
2023-07-29,,,,,,,,,,,,,,
2023-07-30,,,,,,,,,,,,,,
2023-07-31,13.0400,12.6200,13.9600,13.6300,16.1400,16.0100,18.3600,18.4200,88.6700,86.6800,0.8649,0.8513,0.9341,0.9259
2023-08-01,13.3000,13.0100,14.1500,13.9300,16.4400,16.3400,18.7000,18.6200,89.1100,87.4900,0.8607,0.8525,0.9399,0.9340
2023-08-02,14.8600,15.4000,15.4000,16.0900,17.3500,17.9600,19.3600,19.8800,92.9200,96.2000,0.8876,0.8959,0.9649,0.9571
2023-08-03,16.4800,15.0600,16.9300,15.9200,18.5300,17.7200,20.1600,19.6800,100.5800,94.0400,0.9137,0.8984,0.9734,0.9460
2023-08-04,14.1300,16.0900,15.3200,17.1000,17.3600,18.6100,19.2900,20.1800,91.3700,99.6300,0.8825,0.9189,0.9223,0.9409
2023-08-05,,,,,,,,,,,,,,
2023-08-06,,,,,,,,,,,,,,
2023-08-07,16.0000,14.6800,16.5400,15.7700,18.2300,17.7200,19.9300,19.4800,99.6800,92.9900,0.9073,0.8900,0.9674,0.9309
2023-08-08,16.0300,14.8100,16.7700,15.9900,18.5100,18.1300,20.1100,19.9000,97.7300,94.9100,0.9060,0.8820,0.9559,0.9262
2023-08-09,14.8800,15.3300,15.9000,15.9600,18.0400,18.0500,19.8300,19.8600,100.0500,97.4300,0.8814,0.8842,0.9358,0.9605
2023-08-10,14.4300,15.3800,15.1500,15.8500,17.4300,18.1600,19.3300,19.8300,93.1400,99.7800,0.8692,0.8728,0.9525,0.9703
2023-08-11,15.9100,13.6300,16.3600,14.8400,18.5500,17.5600,20.2600,19.5800,101.5700,96.6800,0.8819,0.8451,0.9725,0.9185
2023-08-12,,,,,,,,,,,,,,
2023-08-13,,,,,,,,,,,,,,
2023-08-14,16.2500,14.5700,15.9200,14.8200,18.1600,17.4100,19.9600,19.2900,100.4300,95.3300,0.8767,0.8512,1.0207,0.9831
2023-08-15,15.3800,16.5600,15.3600,16.4600,17.8700,18.5900,19.7200,20.3600,98.4000,103.2800,0.8595,0.8854,1.0013,1.0061
2023-08-16,16.4800,16.3600,16.2600,16.7800,18.5200,18.9700,20.3500,20.7000,102.5800,104.5400,0.8780,0.8846,1.0135,0.9750
2023-08-17,16.2900,17.4700,16.5000,17.8900,18.6800,19.8300,20.5300,21.4200,103.5300,106.7400,0.8833,0.9022,0.9873,0.9765
2023-08-18,18.2600,16.5400,18.7300,17.3000,20.4400,19.2400,21.9300,21.0500,109.3900,97.2800,0.9163,0.8992,0.9749,0.9561
2023-08-19,,,,,,,,,,,,,,
2023-08-20,,,,,,,,,,,,,,
2023-08-21,17.9500,16.8200,17.8400,17.1300,19.2500,18.7700,21.0000,20.6300,98.7500,95.2400,0.9268,0.9126,1.0062,0.9819
2023-08-22,16.6300,16.3900,16.9000,16.9700,18.4600,18.7200,20.4700,20.7700,93.6600,92.6200,0.9155,0.9065,0.9840,0.9658
2023-08-23,16.2500,15.3400,16.8200,15.9800,18.4400,17.9400,20.5700,20.0600,91.7900,88.9900,0.9121,0.8907,0.9661,0.9599
2023-08-24,14.8800,16.1000,15.7200,17.2000,17.7000,18.7500,19.8200,20.6100,88.5600,92.1700,0.8881,0.9173,0.9466,0.9360
2023-08-25,15.9800,13.7800,16.7500,15.6800,18.3800,17.7200,20.2900,19.7600,90.5400,84.3200,0.9113,0.8849,0.9540,0.8788
2023-08-26,,,,,,,,,,,,,,
2023-08-27,,,,,,,,,,,,,,
2023-08-28,14.7900,13.5300,15.8900,15.0800,17.6700,17.1200,19.7100,19.3100,85.3600,82.2300,0.8993,0.8808,0.9308,0.8972
2023-08-29,13.6200,13.3000,15.1300,14.4500,17.1100,16.5600,19.2800,18.7100,81.9900,79.0500,0.8843,0.8726,0.9002,0.9204
2023-08-30,13.3300,12.4200,14.3300,13.8800,16.4600,16.1800,18.7900,18.5500,78.8300,78.6300,0.8706,0.8578,0.9302,0.8948
2023-08-31,12.4400,11.7900,13.8900,13.5700,16.2100,15.9200,18.5800,18.2900,78.9900,80.8000,0.8569,0.8524,0.8956,0.8688
2023-09-01,11.6600,10.4500,13.2900,13.0900,15.6900,15.7400,18.0900,18.1500,81.9800,82.6500,0.8470,0.8316,0.8774,0.7983
2023-09-02,,,,,,,,,,,,,,
2023-09-03,,,,,,,,,,,,,,
2023-09-04,,,13.6700,13.8200,,,,,,,,,,
2023-09-05,13.4400,12.8900,14.1900,14.0100,16.3000,16.2400,18.4600,18.3200,87.7000,86.4300,0.8706,0.8627,0.9471,0.9201
2023-09-06,13.2400,13.1000,14.2700,14.4500,16.4100,16.6100,18.4600,18.6200,87.0800,87.8500,0.8696,0.8700,0.9278,0.9066
2023-09-07,14.8400,13.1000,15.4700,14.4000,17.2700,16.5800,19.1200,18.6100,91.1900,87.6500,0.8958,0.8685,0.9593,0.9097
2023-09-08,13.3500,12.3800,14.3900,13.8400,16.5700,16.1400,18.5900,18.2700,87.3000,85.2700,0.8684,0.8575,0.9277,0.8945
2023-09-09,,,,,,,,,,,,,,
2023-09-10,,,,,,,,,,,,,,
2023-09-11,13.8300,13.2700,14.0800,13.8000,16.1600,16.0200,18.1600,18.0500,86.3800,85.1900,0.8713,0.8614,0.9822,0.9616
2023-09-12,13.9100,14.0500,14.2200,14.2300,16.2900,16.2500,18.2600,18.2100,85.8500,85.6300,0.8729,0.8757,0.9782,0.9874
2023-09-13,13.6200,12.4700,13.8600,13.4800,16.1200,15.9200,18.1600,18.0100,86.5600,84.9700,0.8598,0.8467,0.9827,0.9251
2023-09-14,12.6100,11.8000,13.2900,12.8200,15.7000,15.3400,17.8700,17.6800,83.5100,82.4800,0.8465,0.8357,0.9488,0.9204
2023-09-15,12.2200,12.5100,13.0700,13.7900,15.5400,16.0200,17.7800,18.1500,82.4900,84.8400,0.8411,0.8608,0.9350,0.9072
2023-09-16,,,,,,,,,,,,,,
2023-09-17,,,,,,,,,,,,,,
2023-09-18,14.7200,13.6200,14.5500,14.0000,16.4900,16.1300,18.4600,18.1900,88.2900,84.7700,0.8824,0.8679,1.0117,0.9729
2023-09-19,14.3400,14.2300,14.2800,14.1100,16.3200,16.1300,18.3700,18.1700,85.2600,83.5400,0.8750,0.8748,1.0042,1.0085
2023-09-20,14.4100,15.2700,14.0700,15.1400,16.0000,16.8100,18.0500,18.6100,83.4200,88.0500,0.8794,0.9007,1.0242,1.0086
2023-09-21,16.3000,18.8800,16.0900,17.5400,17.4700,18.2400,19.1400,19.5800,90.6700,94.4400,0.9210,0.9616,1.0131,1.0764
2023-09-22,17.7400,17.5100,17.0600,17.2000,17.9700,18.0900,19.4300,19.6000,93.7800,90.5400,0.9494,0.9508,1.0399,1.0180
2023-09-23,,,,,,,,,,,,,,
2023-09-24,,,,,,,,,,,,,,
2023-09-25,19.5200,17.5600,18.0600,16.9000,18.5600,18.0200,19.9400,19.6300,94.3000,91.7400,0.9731,0.9378,1.0808,1.0391
2023-09-26,18.7900,19.8500,17.7200,18.9400,18.5700,19.7200,20.0600,21.0100,94.0700,103.0400,0.9542,0.9604,1.0604,1.0480
2023-09-27,19.0400,18.9200,18.2800,18.2200,19.2300,19.1100,20.6500,20.7000,100.5100,97.0900,0.9506,0.9534,1.0416,1.0384
2023-09-28,20.1000,17.6300,18.7300,17.3400,19.3400,18.3800,20.8200,20.0900,97.5500,93.7200,0.9685,0.9434,1.0731,1.0167
2023-09-29,16.1800,17.2000,16.3400,17.5200,17.6200,18.5100,19.4700,20.1800,91.3500,94.1000,0.9274,0.9465,0.9902,0.9817
2023-09-30,,,,,,,,,,,,,,
2023-10-01,,,,,,,,,,,,,,
2023-10-02,19.0700,17.6100,18.2900,17.6100,18.9000,18.6200,20.4000,20.2700,96.1800,95.3900,0.9677,0.9458,1.0426,1.0000
2023-10-03,19.0600,19.9000,18.6500,19.7800,19.2800,20.4100,20.7300,21.6500,98.5900,104.3900,0.9673,0.9691,1.0220,1.0061
2023-10-04,19.8900,18.3000,19.5100,18.5800,20.2100,19.5200,21.5000,21.0800,103.1800,95.5800,0.9654,0.9518,1.0195,0.9849
2023-10-05,18.3800,18.3600,18.4700,18.4900,19.5100,19.5000,21.1100,21.1400,96.7800,95.5900,0.9467,0.9482,0.9951,0.9930
2023-10-06,19.1800,16.2900,19.1200,17.4500,19.9700,18.7300,21.4900,20.4900,99.6800,91.1600,0.9574,0.9317,1.0031,0.9335
2023-10-07,,,,,,,,,,,,,,
2023-10-08,,,,,,,,,,,,,,
2023-10-09,18.8100,17.8800,18.6900,17.7000,19.6400,18.8100,21.2000,20.5600,96.6400,92.0300,0.9516,0.9410,1.0064,1.0102
2023-10-10,17.5900,17.1100,17.5000,17.0300,18.6400,18.2700,20.4200,20.1300,91.3000,90.1000,0.9388,0.9321,1.0051,1.0047
2023-10-11,16.2200,15.1700,16.5200,16.0900,17.9100,17.6300,19.8500,19.6300,92.1500,90.5700,0.9224,0.9126,0.9818,0.9428
2023-10-12,15.0000,15.8700,15.9100,16.6900,17.5600,18.0900,19.5600,19.9800,90.4700,91.8700,0.9060,0.9226,0.9428,0.9509
2023-10-13,16.2200,18.7600,16.7500,19.3200,18.0400,20.5700,19.9600,21.8100,92.5400,108.1000,0.9285,0.9392,0.9684,0.9710
2023-10-14,,,,,,,,,,,,,,
2023-10-15,,,,,,,,,,,,,,
2023-10-16,18.7100,17.1900,18.5200,17.2100,19.7800,18.7900,21.2300,20.6400,102.7500,95.6900,0.9363,0.9159,1.0103,0.9988
2023-10-17,18.3700,17.7100,18.1600,17.8800,19.4900,19.2600,21.1500,21.0600,97.8200,95.8000,0.9318,0.9283,1.0116,0.9905
2023-10-18,18.5000,18.9000,18.4700,19.2200,19.6200,20.4700,21.3200,21.9600,96.5400,105.8900,0.9414,0.9389,1.0016,0.9834
2023-10-19,19.1900,21.4600,19.1000,21.4000,20.2700,22.1900,21.8700,23.2100,104.9700,116.4700,0.9423,0.9644,1.0047,1.0028
2023-10-20,21.1100,20.7600,20.9900,21.7100,22.0400,22.4400,23.3700,23.6000,114.9000,115.4300,0.9524,0.9675,1.0057,0.9562
2023-10-21,,,,,,,,,,,,,,
2023-10-22,,,,,,,,,,,,,,
2023-10-23,22.6900,20.6900,21.8800,20.3700,22.5900,21.3300,23.8000,22.6700,117.7000,109.0000,0.9686,0.9550,1.0370,1.0157
2023-10-24,20.1600,19.3100,19.6500,18.9700,20.8300,20.2100,22.4500,21.8500,107.8400,98.5400,0.9434,0.9386,1.0260,1.0179
2023-10-25,19.5900,20.4900,19.2600,20.1900,20.4000,21.3300,22.0400,22.6900,98.8900,102.9200,0.9441,0.9466,1.0171,1.0149
2023-10-26,21.7200,20.8000,20.8700,20.6800,21.7100,21.5700,23.1300,23.0200,104.0100,101.9700,0.9613,0.9587,1.0407,1.0058
2023-10-27,20.4500,21.3600,20.1700,21.2700,21.2100,22.2700,22.9400,23.6500,100.0900,102.0400,0.9510,0.9551,1.0139,1.0042
2023-10-28,,,,,,,,,,,,,,
2023-10-29,,,,,,,,,,,,,,
2023-10-30,21.6400,20.6500,20.5100,19.7500,21.4600,20.8000,23.1500,22.4600,100.3100,95.2300,0.9557,0.9495,1.0551,1.0456
2023-10-31,20.5000,19.0200,19.5700,18.1400,20.6400,19.4900,22.2600,21.3400,94.5700,87.9400,0.9482,0.9307,1.0475,1.0485
2023-11-01,18.8100,16.8700,17.9600,16.8700,19.2800,18.5500,21.2500,20.4300,87.0900,85.0800,0.9315,0.9094,1.0473,1.0000
2023-11-02,16.2900,15.1600,16.3200,15.6600,18.0600,17.8000,20.0300,19.8200,83.9100,83.2400,0.9037,0.8798,0.9982,0.9681
2023-11-03,14.8700,13.7100,15.3200,14.9100,17.4900,17.2200,19.6000,19.3600,83.0300,82.8300,0.8759,0.8659,0.9706,0.9195
2023-11-04,,,,,,,,,,,,,,
2023-11-05,,,,,,,,,,,,,,
2023-11-06,15.3100,14.5300,15.3100,14.8900,17.2900,17.0300,19.3700,19.1300,83.8900,84.3300,0.8855,0.8743,1.0000,0.9758
2023-11-07,14.6800,14.4300,14.9800,14.8100,17.0900,16.9200,19.2400,19.1800,85.4800,83.4300,0.8765,0.8753,0.9800,0.9743
2023-11-08,14.4200,13.8300,14.6300,14.4500,16.8500,16.6400,19.0800,18.8900,88.3600,85.0400,0.8682,0.8684,0.9856,0.9571
2023-11-09,13.7300,14.7000,14.4200,15.2900,16.5500,17.3000,18.8100,19.3700,83.9900,88.7400,0.8713,0.8838,0.9521,0.9614
2023-11-10,14.0700,12.7800,14.9400,14.1700,17.0100,16.5200,19.1900,18.6900,87.8900,85.6600,0.8783,0.8577,0.9418,0.9019
2023-11-11,,,,,,,,,,,,,,
2023-11-12,,,,,,,,,,,,,,
2023-11-13,14.3700,13.8000,15.0500,14.7600,16.9700,16.6100,19.0900,18.8200,88.4000,85.5100,0.8869,0.8886,0.9548,0.9350
2023-11-14,12.7200,12.8700,13.9800,14.1600,15.9400,16.2900,18.2800,18.5100,82.8100,83.7700,0.8770,0.8692,0.9099,0.9089
2023-11-15,12.7600,11.8900,14.0700,14.1800,16.1900,16.2800,18.4700,18.5800,81.7900,84.9100,0.8691,0.8710,0.9069,0.8385
2023-11-16,11.9000,11.8100,14.0000,14.3200,16.1900,16.1400,18.5900,18.4600,84.5800,83.2300,0.8647,0.8872,0.8500,0.8247
2023-11-17,11.8600,10.6700,14.1100,13.8000,16.0800,15.8500,18.5900,18.3100,82.9600,81.8300,0.8775,0.8707,0.8405,0.7732
2023-11-18,,,,,,,,,,,,,,
2023-11-19,,,,,,,,,,,,,,
2023-11-20,12.3900,11.1400,14.0800,13.4100,15.9100,15.6900,18.3400,18.2100,83.6700,81.8100,0.8850,0.8547,0.8800,0.8307
2023-11-21,11.6300,11.4700,13.6800,13.3500,15.8500,15.5000,18.3700,18.0300,82.3400,81.7700,0.8631,0.8613,0.8501,0.8592
2023-11-22,10.8200,9.9600,12.8800,12.8500,15.2300,15.4800,17.8200,18.0500,80.2300,83.3800,0.8457,0.8301,0.8401,0.7751
2023-11-23,,,12.8400,12.8000,,,,,,,,,,
2023-11-24,11.2000,9.8300,13.1200,12.4600,15.6700,15.1200,18.2200,17.8100,84.2700,83.0000,0.8373,0.8241,0.8537,0.7889
2023-11-25,,,,,,,,,,,,,,
2023-11-26,,,,,,,,,,,,,,
2023-11-27,11.9100,11.2700,12.9800,12.6900,15.4800,15.3400,18.0900,17.8900,84.9200,85.1500,0.8385,0.8272,0.9176,0.8881
2023-11-28,11.7000,11.5200,12.8600,12.6900,15.4400,15.2400,18.0300,17.8100,86.0400,85.1400,0.8329,0.8327,0.9098,0.9078
2023-11-29,11.7700,12.0500,12.5600,12.9800,15.1100,15.5100,17.7000,18.0300,84.4500,87.7900,0.8312,0.8369,0.9371,0.9284
2023-11-30,12.7500,12.3000,13.1300,12.9200,15.6100,15.4400,18.0900,17.9100,87.6100,86.7100,0.8411,0.8368,0.9711,0.9520
2023-12-01,12.5300,11.9800,12.8900,12.6300,15.4200,15.3600,17.9500,17.8300,86.3100,85.9000,0.8359,0.8223,0.9721,0.9485
2023-12-02,,,,,,,,,,,,,,
2023-12-03,,,,,,,,,,,,,,
2023-12-04,14.2500,13.4600,13.4600,13.0800,15.9400,15.6800,18.2800,18.1200,90.4200,87.7600,0.8444,0.8342,1.0587,1.0291
2023-12-05,14.0200,13.5300,13.2900,12.8500,15.8000,15.5700,18.2400,17.9900,88.1400,85.7600,0.8411,0.8253,1.0549,1.0529
2023-12-06,13.6800,13.6700,12.7500,12.9700,15.4600,15.7400,17.9000,18.1500,84.3200,86.8500,0.8247,0.8240,1.0729,1.0540
2023-12-07,13.8000,13.7300,13.0300,13.0600,15.6900,15.6500,18.0900,17.9500,87.2300,86.0000,0.8305,0.8345,1.0591,1.0513
2023-12-08,13.0600,12.2100,12.8200,12.3500,15.5300,15.1600,17.9200,17.6100,85.3100,81.1100,0.8255,0.8146,1.0187,0.9887
2023-12-09,,,,,,,,,,,,,,
2023-12-10,,,,,,,,,,,,,,
2023-12-11,13.3700,12.6800,13.0900,12.6300,15.4900,15.1900,17.8300,17.5400,83.9300,82.3500,0.8451,0.8315,1.0214,1.0040
2023-12-12,12.3700,11.6400,12.5100,12.0700,15.1400,14.8300,17.5000,17.2000,82.1400,83.5400,0.8263,0.8139,0.9888,0.9644
2023-12-13,12.0600,12.4300,12.2200,12.1900,14.8900,14.6600,17.2700,16.9900,84.7500,80.8300,0.8207,0.8315,0.9869,1.0197
2023-12-14,11.8900,12.2900,12.0100,12.4800,14.6800,14.7900,16.9900,16.9900,80.8400,80.8300,0.8181,0.8438,0.9900,0.9848
2023-12-15,11.4400,10.8700,12.2800,12.2800,14.8500,15.1300,17.1500,17.3200,81.7100,88.0400,0.8269,0.8116,0.9316,0.8852
2023-12-16,,,,,,,,,,,,,,
2023-12-17,,,,,,,,,,,,,,
2023-12-18,11.8300,11.4400,12.4400,12.5600,15.2400,15.4700,17.4000,17.5900,89.8700,88.6700,0.8163,0.8119,0.9510,0.9108
2023-12-19,11.3800,11.2500,12.5300,12.5300,15.4800,15.6400,17.5800,17.8100,89.4900,88.7700,0.8094,0.8012,0.9082,0.8978
2023-12-20,11.2000,13.6700,12.3400,13.6700,15.6000,16.5800,17.8100,18.6400,89.0200,92.1800,0.7910,0.8245,0.9076,1.0000
2023-12-21,12.9700,13.1100,13.4100,13.6500,16.3300,16.3000,18.3900,18.4000,90.3900,89.8500,0.8212,0.8374,0.9672,0.9604
2023-12-22,12.9900,11.5600,13.7400,13.0300,16.3400,15.9900,18.4500,18.1900,89.4200,88.6200,0.8409,0.8149,0.9454,0.8872
2023-12-23,,,,,,,,,,,,,,
2023-12-24,,,,,,,,,,,,,,
2023-12-25,,,,,,,,,,,,,,
2023-12-26,13.6200,12.4500,13.7600,12.9900,16.3300,15.8800,18.4100,18.0600,91.9200,88.8700,0.8426,0.8180,0.9898,0.9584
2023-12-27,12.5600,11.2300,12.9400,12.4300,15.8300,15.2700,18.0200,17.5200,88.5000,86.2200,0.8174,0.8140,0.9706,0.9035
2023-12-28,11.5100,11.2300,12.5200,12.4700,15.3000,15.2300,17.5700,17.5100,85.9900,86.6900,0.8183,0.8188,0.9193,0.9006
2023-12-29,11.5700,10.6700,12.6100,12.4500,15.2900,15.2600,17.5800,17.5300,86.8000,86.9600,0.8247,0.8159,0.9175,0.8570
2023-12-30,,,,,,,,,,,,,,
2023-12-31,,,,,,,,,,,,,,
2024-01-01,,,,,,,,,,,,,,
2024-01-02,13.7100,12.5900,13.8300,13.2000,15.8900,15.4800,17.9500,17.6800,91.8600,88.0900,0.8704,0.8527,0.9913,0.9538
2024-01-03,13.2600,13.2400,13.8200,14.0400,15.8600,16.0400,17.9700,18.0800,89.2600,89.6500,0.8714,0.8753,0.9595,0.9430
2024-01-04,13.5700,13.0600,14.1700,14.1300,16.1200,16.0400,18.1400,18.0200,89.9200,87.5900,0.8790,0.8809,0.9577,0.9243
2024-01-05,12.5200,11.7100,13.7700,13.3500,15.8600,15.5100,17.9100,17.5600,86.4600,82.8700,0.8682,0.8607,0.9092,0.8772
2024-01-06,,,,,,,,,,,,,,
2024-01-07,,,,,,,,,,,,,,
2024-01-08,12.9100,11.7000,13.7300,13.0800,15.6800,15.1400,17.6500,17.0900,85.6200,81.2600,0.8756,0.8639,0.9403,0.8945
2024-01-09,12.0300,11.3500,13.3700,12.7600,15.3900,14.9000,17.3600,16.9600,82.3700,78.5900,0.8687,0.8564,0.8998,0.8895
2024-01-10,11.4100,11.0900,12.7100,12.6900,14.8200,14.7300,16.8800,16.7500,79.7200,77.0900,0.8576,0.8615,0.8977,0.8739
2024-01-11,10.8800,10.7500,12.4600,12.4400,14.5700,14.5600,16.6200,16.6800,76.1400,75.5400,0.8552,0.8544,0.8732,0.8641
2024-01-12,10.9900,10.5200,12.4900,12.7000,14.5300,14.9400,16.5600,16.8500,75.6300,86.0700,0.8596,0.8501,0.8799,0.8283
2024-01-13,,,,,,,,,,,,,,
2024-01-14,,,,,,,,,,,,,,
2024-01-15,,,13.2600,13.2500,,,,,,,,,,
2024-01-16,13.1000,12.6400,13.7800,13.8400,15.5300,15.7400,17.2400,17.4400,90.3200,89.5900,0.8873,0.8793,0.9507,0.9133
2024-01-17,14.1100,13.3200,15.0900,14.7900,16.5300,16.3800,17.9800,17.9000,95.9700,91.3600,0.9129,0.9029,0.9351,0.9006
2024-01-18,13.3000,12.6600,14.3800,14.1300,16.0100,15.8400,17.6400,17.4500,88.6200,86.3400,0.8982,0.8920,0.9249,0.8960
2024-01-19,12.5900,11.8200,13.7500,13.3000,15.6000,15.2600,17.3000,16.9400,84.9300,81.9500,0.8814,0.8716,0.9156,0.8887
2024-01-20,,,,,,,,,,,,,,
2024-01-21,,,,,,,,,,,,,,
2024-01-22,13.7200,13.1800,13.5000,13.1900,15.3200,14.9700,17.0200,16.7500,83.4200,79.1700,0.8812,0.8811,1.0163,0.9992
2024-01-23,13.5800,12.4900,13.2000,12.5500,14.8900,14.5200,16.6600,16.3600,78.1900,76.6700,0.8865,0.8643,1.0288,0.9952
2024-01-24,12.8100,13.5800,12.4600,13.1400,14.3900,14.9700,16.2600,16.7300,75.6100,80.9400,0.8659,0.8778,1.0281,1.0335
2024-01-25,13.4500,13.7400,13.1200,13.4500,14.9000,15.1000,16.6900,16.8300,80.5700,81.3900,0.8805,0.8907,1.0252,1.0216
2024-01-26,13.8800,13.0700,13.5400,13.2600,15.1900,15.0300,16.9600,16.8600,81.4200,82.2000,0.8914,0.8822,1.0251,0.9857
2024-01-27,,,,,,,,,,,,,,
2024-01-28,,,,,,,,,,,,,,
2024-01-29,14.6400,13.9500,13.9000,13.6000,15.3000,15.2200,17.0400,16.9700,83.9200,83.4000,0.9085,0.8936,1.0532,1.0257
2024-01-30,14.0700,13.7200,13.6800,13.3100,15.2600,15.1400,17.0400,16.9300,83.6900,82.2400,0.8965,0.8791,1.0285,1.0308
2024-01-31,13.5400,14.5500,13.2600,14.3500,15.1400,15.9600,16.9700,17.5800,82.1200,87.5600,0.8758,0.8991,1.0211,1.0139
2024-02-01,14.3200,13.2800,14.0500,13.8800,15.7400,15.5000,17.4200,17.2200,85.9500,84.8300,0.8926,0.8955,1.0192,0.9568
2024-02-02,13.5600,13.0400,14.1200,13.8500,15.7400,15.6100,17.4500,17.2700,85.9900,83.3100,0.8971,0.8873,0.9603,0.9415
2024-02-03,,,,,,,,,,,,,,
2024-02-04,,,,,,,,,,,,,,
2024-02-05,14.1000,13.3500,14.2100,13.6700,15.7600,15.3300,17.3800,17.0600,84.6900,79.5800,0.9016,0.8917,0.9923,0.9766
2024-02-06,13.1800,12.4600,13.4800,13.0600,15.1900,14.9900,16.9200,16.8200,78.6000,76.9700,0.8874,0.8712,0.9777,0.9541
2024-02-07,12.3800,11.9600,12.9300,12.8300,14.8800,14.8500,16.7000,16.6900,79.8300,80.5400,0.8690,0.8640,0.9575,0.9322
2024-02-08,12.3400,11.6000,13.0000,12.7900,14.9900,14.9300,16.7900,16.7300,85.2500,83.0700,0.8672,0.8567,0.9492,0.9070
2024-02-09,11.9600,11.6100,12.9500,12.9300,14.9900,15.0800,16.7700,16.9400,82.4600,81.9400,0.8639,0.8574,0.9236,0.8979
2024-02-10,,,,,,,,,,,,,,
2024-02-11,,,,,,,,,,,,,,
2024-02-12,12.6100,13.0300,13.4100,13.9300,15.2500,15.6700,16.9900,17.3700,82.9500,84.6300,0.8793,0.8890,0.9403,0.9354
2024-02-13,14.0500,15.0000,14.6700,15.8500,16.1700,16.8200,17.8300,18.1900,88.0100,93.1900,0.9072,0.9423,0.9577,0.9464
2024-02-14,13.6800,12.9200,14.4500,14.3800,16.0100,15.9300,17.6000,17.6200,88.5900,83.1700,0.9026,0.9027,0.9467,0.8985
2024-02-15,13.0000,12.4700,14.3600,14.0100,15.8300,15.7600,17.5800,17.5300,82.5300,82.4000,0.9071,0.8890,0.9053,0.8901
2024-02-16,13.0700,12.5700,14.4000,14.2400,15.8900,15.8600,17.6300,17.6200,82.8800,82.6300,0.9062,0.8979,0.9076,0.8827
2024-02-17,,,,,,,,,,,,,,
2024-02-18,,,,,,,,,,,,,,
2024-02-19,,,14.6700,14.7100,,,,,,,,,,
2024-02-20,14.6500,14.8500,15.1800,15.4200,16.2100,16.4100,17.8400,18.0000,88.7900,86.1000,0.9365,0.9397,0.9651,0.9630
2024-02-21,15.4400,14.6500,16.0700,15.3400,16.6500,16.2300,18.1500,17.7800,86.8300,84.6600,0.9652,0.9452,0.9608,0.9550
2024-02-22,13.1800,13.1700,14.3400,14.5400,15.5900,15.7700,17.3000,17.3900,80.8800,80.8800,0.9198,0.9220,0.9191,0.9058
2024-02-23,12.7600,11.9200,14.1000,13.7500,15.5300,15.2500,17.2700,17.0900,79.8900,78.8600,0.9079,0.9016,0.9050,0.8669
2024-02-24,,,,,,,,,,,,,,
2024-02-25,,,,,,,,,,,,,,
2024-02-26,13.4700,13.1300,13.9700,13.7400,15.4000,15.2200,17.2000,17.0400,79.9900,80.5000,0.9071,0.9028,0.9642,0.9556
2024-02-27,13.3400,12.8400,13.7100,13.4300,15.1300,14.8900,16.9900,16.7800,79.4500,78.5400,0.9061,0.9019,0.9730,0.9561
2024-02-28,13.3600,13.5200,13.7000,13.8400,15.1100,15.2200,16.9800,17.0300,80.3500,80.3600,0.9067,0.9093,0.9752,0.9769
2024-02-29,13.0300,12.4800,13.4300,13.4000,14.9400,14.9300,16.8200,16.8600,78.9500,77.4500,0.8989,0.8975,0.9702,0.9313
2024-03-01,12.5500,11.8200,13.2600,13.1100,14.8500,14.9300,16.8100,16.8600,76.6900,77.6800,0.8929,0.8781,0.9465,0.9016
2024-03-02,,,,,,,,,,,,,,
2024-03-03,,,,,,,,,,,,,,
2024-03-04,13.4600,13.2300,13.5400,13.4900,15.1500,15.2300,17.0000,17.1200,79.8700,79.4100,0.8937,0.8858,0.9941,0.9807
2024-03-05,13.9000,14.8800,13.8700,14.4600,15.4500,15.9100,17.2700,17.6200,80.3600,83.9100,0.8977,0.9089,1.0022,1.0290
2024-03-06,14.3300,14.8800,13.9000,14.5000,15.5400,15.9700,17.3500,17.6700,81.4700,83.1100,0.8945,0.9080,1.0309,1.0262
2024-03-07,14.8300,14.5500,14.2600,14.4400,15.7900,15.9100,17.5300,17.5700,81.9300,82.1300,0.9031,0.9076,1.0400,1.0076
2024-03-08,14.2100,14.6300,14.0900,14.7400,15.7400,16.3000,17.5000,17.9600,80.7800,86.5600,0.8952,0.9043,1.0085,0.9925
2024-03-09,,,,,,,,,,,,,,
2024-03-10,,,,,,,,,,,,,,
2024-03-11,16.8900,16.4600,15.6200,15.2200,16.7700,16.4600,18.3000,18.1100,90.6100,88.9700,0.9314,0.9247,1.0813,1.0815
2024-03-12,14.9600,14.0700,14.4100,13.8400,16.1000,15.6600,17.8600,17.5800,87.3900,83.7600,0.8950,0.8838,1.0382,1.0166
2024-03-13,14.2100,14.1000,13.8400,13.7500,15.6700,15.6000,17.5900,17.5600,86.4400,86.2700,0.8832,0.8814,1.0267,1.0255
2024-03-14,13.8200,14.8700,13.5800,14.4000,15.5600,16.1200,17.5400,17.9300,85.4500,88.7500,0.8728,0.8933,1.0177,1.0326
2024-03-15,15.3000,14.1600,14.7000,14.4100,16.3900,16.4100,18.1100,18.1700,90.2300,92.1700,0.8969,0.8781,1.0408,0.9827
2024-03-16,,,,,,,,,,,,,,
2024-03-17,,,,,,,,,,,,,,
2024-03-18,15.1100,14.5000,14.4900,14.3300,16.4100,16.2200,18.0200,18.0000,92.0000,86.7800,0.8830,0.8835,1.0428,1.0119
2024-03-19,14.7300,13.6400,14.5400,13.8200,16.3400,15.7700,18.0800,17.6400,86.8600,83.9000,0.8898,0.8763,1.0131,0.9870
2024-03-20,14.2400,11.5800,14.0600,13.0400,15.8700,15.2800,17.6600,17.2700,83.9500,78.8700,0.8859,0.8534,1.0128,0.8880
2024-03-21,11.0800,11.1700,12.7000,12.9200,15.1700,15.1800,17.1800,17.2500,79.6300,77.3000,0.8372,0.8511,0.8724,0.8646
2024-03-22,11.4500,10.8600,13.0000,13.0600,15.2700,15.3000,17.3200,17.3400,77.2000,76.4900,0.8513,0.8536,0.8808,0.8315
2024-03-23,,,,,,,,,,,,,,
2024-03-24,,,,,,,,,,,,,,
2024-03-25,12.1400,11.4700,13.4800,13.1900,15.5200,15.3800,17.5300,17.4600,78.8500,76.6000,0.8686,0.8576,0.9006,0.8696
2024-03-26,11.6400,11.5900,13.1700,13.2400,15.3000,15.2900,17.3900,17.3400,76.4200,76.7700,0.8608,0.8659,0.8838,0.8754
2024-03-27,11.0400,10.5300,13.0300,12.7800,15.1100,15.0100,17.1900,17.0700,76.1900,76.0000,0.8623,0.8514,0.8473,0.8239
2024-03-28,11.0600,10.5600,12.9900,13.0100,15.0900,15.1900,17.1300,17.1900,76.5000,76.5700,0.8608,0.8565,0.8514,0.8117
2024-03-29,,,,,,,,,,,,,,
2024-03-30,,,,,,,,,,,,,,
2024-03-31,,,,,,,,,,,,,,
2024-04-01,13.1000,12.6200,13.8300,13.6500,15.5200,15.5200,17.4000,17.4200,79.8100,78.4500,0.8911,0.8795,0.9472,0.9245
2024-04-02,14.4300,14.0300,14.6900,14.6100,16.1600,16.0900,17.8900,17.8400,82.1400,82.7600,0.9090,0.9080,0.9823,0.9603
2024-04-03,14.7800,13.2700,15.1800,14.3300,16.4000,15.9100,18.0700,17.7400,84.2900,81.0800,0.9256,0.9007,0.9736,0.9260
2024-04-04,13.0000,17.1400,14.0000,16.3500,15.6600,17.1600,17.5400,18.6500,79.6100,90.0400,0.8940,0.9528,0.9286,1.0483
2024-04-05,16.7500,15.4600,16.3800,16.0300,17.2100,17.1800,18.6700,18.6800,90.7500,90.5800,0.9518,0.9331,1.0226,0.9644
2024-04-06,,,,,,,,,,,,,,
2024-04-07,,,,,,,,,,,,,,
2024-04-08,16.1700,14.5600,16.0000,15.1900,17.0600,16.5600,18.5900,18.1600,90.4800,86.2600,0.9379,0.9173,1.0106,0.9585
2024-04-09,14.6600,14.7000,15.1500,14.9800,16.5600,16.4200,18.1600,18.0700,85.8500,84.4500,0.9149,0.9123,0.9677,0.9813
2024-04-10,16.1700,15.8100,16.1600,15.8000,17.2600,17.0400,18.6800,18.5400,93.6400,91.7600,0.9363,0.9272,1.0006,1.0006
2024-04-11,15.9000,14.1800,15.8400,14.9100,17.0800,16.4900,18.6000,18.1500,92.5700,89.4000,0.9274,0.9042,1.0038,0.9510
2024-04-12,17.6200,17.3300,16.5800,17.3100,17.4900,18.2000,18.8500,19.3800,94.5900,102.7200,0.9480,0.9511,1.0627,1.0012
2024-04-13,,,,,,,,,,,,,,
2024-04-14,,,,,,,,,,,,,,
2024-04-15,16.8500,20.7600,16.4200,19.2300,17.5500,19.5500,18.9100,20.4100,98.4500,109.6400,0.9356,0.9836,1.0262,1.0796
2024-04-16,20.5700,19.2400,18.9400,18.4000,19.2300,18.8400,20.1700,19.9000,107.1300,99.2500,0.9849,0.9766,1.0861,1.0457
2024-04-17,18.9000,18.1000,18.0200,18.2100,18.5300,18.7700,19.6700,19.8700,99.3400,98.7600,0.9725,0.9702,1.0488,0.9940
2024-04-18,17.8500,17.8800,17.8200,18.0000,18.5000,18.6600,19.7000,19.7700,96.8000,95.9900,0.9632,0.9646,1.0017,0.9933
2024-04-19,19.4900,18.1300,18.6900,18.7100,19.0400,19.2500,20.0700,20.1700,99.4100,99.0900,0.9816,0.9719,1.0428,0.9690
2024-04-20,,,,,,,,,,,,,,
2024-04-21,,,,,,,,,,,,,,
2024-04-22,19.0200,17.4500,18.1400,16.9400,18.6100,17.6300,19.7500,18.8600,95.6000,89.5400,0.9747,0.9609,1.0485,1.0301
2024-04-23,17.3200,16.2500,16.5400,15.6900,17.2600,16.6800,18.5700,18.1700,87.3800,82.3600,0.9583,0.9406,1.0472,1.0357
2024-04-24,16.6000,16.2900,15.9100,15.9700,16.7100,16.8400,18.2200,18.3100,82.7000,83.6100,0.9521,0.9483,1.0434,1.0200
2024-04-25,17.5500,15.8100,16.9400,15.3700,17.5500,16.3700,18.9000,17.8800,90.3800,82.5400,0.9652,0.9389,1.0360,1.0286
2024-04-26,16.0700,14.6700,15.5100,15.0300,16.4600,16.2700,17.9200,17.8300,82.5800,79.5600,0.9423,0.9238,1.0361,0.9760
2024-04-27,,,,,,,,,,,,,,
2024-04-28,,,,,,,,,,,,,,
2024-04-29,15.7600,15.1100,15.0600,14.6700,16.2100,16.0000,17.8300,17.6300,80.0600,78.2200,0.9291,0.9169,1.0465,1.0300
2024-04-30,15.8600,16.6600,14.9700,15.6500,16.1600,16.5900,17.7700,17.9400,79.4400,81.8200,0.9264,0.9433,1.0595,1.0645
2024-05-01,17.2100,15.9100,15.9100,15.3900,16.8000,16.5700,18.2300,18.1600,83.5700,81.9300,0.9470,0.9288,1.0817,1.0338
2024-05-02,15.6000,14.8600,15.0300,14.6800,16.2800,16.0500,17.9400,17.7100,80.3000,78.5900,0.9232,0.9146,1.0379,1.0123
2024-05-03,13.2900,12.0000,13.7300,13.4900,15.3700,15.2700,17.2600,17.1300,75.4300,74.5700,0.8933,0.8834,0.9680,0.8895
2024-05-04,,,,,,,,,,,,,,
2024-05-05,,,,,,,,,,,,,,
2024-05-06,13.6200,13.1300,13.7200,13.4900,15.2700,15.0200,17.1500,16.9400,75.2700,73.4600,0.8985,0.8981,0.9927,0.9733
2024-05-07,13.3400,12.7600,13.4700,13.2300,14.9900,14.9500,16.9300,16.9000,73.3900,74.5400,0.8986,0.8849,0.9903,0.9645
2024-05-08,13.5800,12.4800,13.4900,13.0000,15.0800,14.9000,17.0200,16.8900,74.2500,74.5000,0.8946,0.8725,1.0067,0.9600
2024-05-09,12.8800,11.9200,13.1900,12.6900,14.9000,14.7100,16.8800,16.6800,74.6000,73.7700,0.8852,0.8627,0.9765,0.9393
2024-05-10,12.2800,11.8200,12.8200,12.5500,14.7500,14.6600,16.7200,16.6700,73.9600,73.2600,0.8692,0.8561,0.9579,0.9418
2024-05-11,,,,,,,,,,,,,,
2024-05-12,,,,,,,,,,,,,,
2024-05-13,13.5500,13.7100,13.3400,13.6000,14.7700,14.8900,16.7700,16.8600,76.3900,77.5500,0.9032,0.9134,1.0157,1.0081
2024-05-14,13.8400,13.3100,13.7300,13.4200,14.9300,14.7000,16.9400,16.7600,77.7500,77.6500,0.9196,0.9129,1.0080,0.9918
2024-05-15,12.4500,11.4200,13.0600,12.4500,14.4400,14.0800,16.6200,16.3300,76.5800,76.3100,0.9044,0.8842,0.9533,0.9173
2024-05-16,11.3500,10.9600,12.4300,12.4200,14.0900,14.2200,16.3600,16.4600,76.7300,77.7400,0.8822,0.8734,0.9131,0.8824
2024-05-17,10.8700,9.6700,12.3000,11.9900,14.2000,13.9900,16.4400,16.2900,77.2200,78.4300,0.8662,0.8570,0.8837,0.8065
2024-05-18,,,,,,,,,,,,,,
2024-05-19,,,,,,,,,,,,,,
2024-05-20,10.8400,10.5300,12.2500,12.1500,14.1700,14.1100,16.3800,16.3400,80.3700,79.4500,0.8645,0.8611,0.8849,0.8667
2024-05-21,11.0700,10.0800,12.4800,11.8600,14.3600,13.9500,16.5100,16.2000,80.0600,77.6200,0.8691,0.8502,0.8870,0.8499
2024-05-22,10.6100,11.1400,12.0000,12.2900,14.0700,14.3100,16.2800,16.5100,78.3700,79.9600,0.8529,0.8588,0.8842,0.9064
2024-05-23,9.8100,10.7900,11.8100,12.7700,14.0500,14.6700,16.3400,16.7000,78.3900,84.6200,0.8406,0.8705,0.8307,0.8449
2024-05-24,10.5700,9.1900,12.5400,11.9300,14.5100,14.1700,16.6200,16.3600,84.3900,79.0900,0.8642,0.8419,0.8429,0.7703
2024-05-25,,,,,,,,,,,,,,
2024-05-26,,,,,,,,,,,,,,
2024-05-27,,,12.4400,12.3600,,,,,,,,,,
2024-05-28,11.5300,11.5100,12.5300,12.9200,14.4100,14.7200,16.5300,16.7100,82.1400,81.6400,0.8695,0.8777,0.9202,0.8909
2024-05-29,13.2600,13.4100,14.1100,14.2800,15.4100,15.4500,17.2400,17.2100,85.3700,83.7900,0.9156,0.9243,0.9398,0.9391
2024-05-30,13.7300,13.6700,14.2300,14.4700,15.4600,15.5900,17.2400,17.3000,83.9100,83.4400,0.9204,0.9282,0.9649,0.9447
2024-05-31,13.2200,11.6800,13.8400,12.9200,15.1900,14.6600,17.0200,16.6100,81.3500,78.2700,0.9111,0.8813,0.9552,0.9040
2024-06-01,,,,,,,,,,,,,,
2024-06-02,,,,,,,,,,,,,,
2024-06-03,13.8300,13.9100,13.1500,13.1100,14.7900,14.8000,16.7000,16.7400,80.0500,78.7900,0.8891,0.8858,1.0517,1.0610
2024-06-04,14.9200,14.2800,13.6300,13.1600,15.1300,14.8800,16.9500,16.8400,81.0000,77.6500,0.9009,0.8844,1.0946,1.0851
2024-06-05,14.3500,13.9900,13.0000,12.6300,14.7500,14.5400,16.7500,16.6100,77.2900,75.2400,0.8814,0.8686,1.1038,1.1077
2024-06-06,13.9300,13.4700,12.6500,12.5800,14.5900,14.5400,16.6100,16.6200,75.6200,77.9100,0.8670,0.8652,1.1012,1.0707
2024-06-07,13.8400,12.3300,12.8600,12.2200,14.6800,14.4100,16.7200,16.5400,78.3900,76.6500,0.8760,0.8480,1.0762,1.0090
2024-06-08,,,,,,,,,,,,,,
2024-06-09,,,,,,,,,,,,,,
2024-06-10,13.6900,12.8500,13.1500,12.7400,14.8200,14.6000,16.8500,16.6700,80.5400,78.9700,0.8873,0.8726,1.0411,1.0086
2024-06-11,13.3400,12.8700,13.1400,12.8500,14.8300,14.4900,16.8200,16.5900,82.5100,79.9500,0.8860,0.8868,1.0152,1.0016
2024-06-12,11.6600,10.4000,12.4200,12.0400,14.2100,14.1200,16.3900,16.3800,78.5200,77.6000,0.8740,0.8527,0.9388,0.8638
2024-06-13,10.6400,10.2800,12.0800,11.9400,14.1300,14.1700,16.3400,16.4900,77.6800,78.2000,0.8549,0.8426,0.8808,0.8610
2024-06-14,11.4100,11.0000,12.6000,12.6600,14.6700,14.8400,16.8800,17.0300,82.9500,83.7200,0.8589,0.8531,0.9056,0.8689
2024-06-15,,,,,,,,,,,,,,
2024-06-16,,,,,,,,,,,,,,
2024-06-17,12.8800,11.9400,13.1500,12.7500,15.0500,14.7900,17.2000,17.0000,85.2000,83.3400,0.8738,0.8621,0.9795,0.9365
2024-06-18,11.7200,11.1200,12.4400,12.3000,14.7300,14.6900,16.9800,16.9900,84.0700,80.6300,0.8445,0.8373,0.9421,0.9041
2024-06-19,,,12.4900,12.4800,,,,,,,,,,
2024-06-20,11.8700,12.3600,12.6200,13.2800,14.8400,15.4100,17.0700,17.6200,79.8900,85.7200,0.8504,0.8618,0.9406,0.9307
2024-06-21,12.5900,10.9600,13.5700,13.2000,15.6400,15.1700,17.8100,17.4600,86.0900,83.3100,0.8676,0.8701,0.9278,0.8303
2024-06-22,,,,,,,,,,,,,,
2024-06-23,,,,,,,,,,,,,,
2024-06-24,12.6500,11.8300,13.8600,13.3300,15.4500,15.2300,17.6600,17.5600,86.0400,84.8000,0.8971,0.8752,0.9127,0.8875
2024-06-25,11.9000,11.1000,13.4300,12.8400,15.2000,14.8600,17.5200,17.2400,84.4600,82.8700,0.8836,0.8641,0.8861,0.8645
2024-06-26,11.7600,10.5100,13.2200,12.5500,15.0600,14.7100,17.4300,17.1800,83.2900,81.4500,0.8778,0.8532,0.8896,0.8375
2024-06-27,10.9100,10.4900,12.5800,12.2400,14.6400,14.4200,17.1300,16.9200,82.3800,79.5000,0.8593,0.8488,0.8672,0.8570
2024-06-28,10.8900,10.5400,12.4500,12.4400,14.5000,14.5200,16.9600,16.9500,80.1300,79.4800,0.8586,0.8567,0.8747,0.8473
2024-06-29,,,,,,,,,,,,,,
2024-06-30,,,,,,,,,,,,,,
2024-07-01,12.0000,10.9300,12.8600,12.2200,14.6000,14.1900,17.0000,16.6800,80.8700,76.0500,0.8808,0.8612,0.9331,0.8944
2024-07-02,11.5500,10.6000,12.5600,12.0300,14.3700,14.0100,16.8400,16.5300,76.8600,77.0600,0.8740,0.8587,0.9196,0.8811
2024-07-03,10.7400,10.7200,12.0600,12.0900,14.0000,14.0200,16.5200,16.5500,76.5500,78.0700,0.8614,0.8623,0.8905,0.8867
2024-07-04,,,12.2100,12.2600,,,,,,,,,,
2024-07-05,11.2400,10.8100,12.3100,12.4800,14.2300,14.3500,16.6400,16.7100,77.6900,78.8000,0.8651,0.8697,0.9131,0.8662
2024-07-06,,,,,,,,,,,,,,
2024-07-07,,,,,,,,,,,,,,
2024-07-08,11.7700,11.0500,12.5800,12.3700,14.3900,14.2900,16.7300,16.6500,79.9300,78.5900,0.8742,0.8656,0.9356,0.8933
2024-07-09,11.3100,11.1100,12.4400,12.5100,14.3200,14.3900,16.6500,16.7700,78.3600,78.5800,0.8687,0.8694,0.9092,0.8881
2024-07-10,11.2600,12.0000,12.4900,12.8500,14.4100,14.5000,16.8000,16.8000,82.5300,83.4100,0.8668,0.8862,0.9015,0.9339
2024-07-11,11.3900,11.4200,12.5000,12.9200,14.3800,14.6700,16.7200,16.9900,82.4700,84.4700,0.8693,0.8807,0.9112,0.8839
2024-07-12,11.0600,10.5500,12.5500,12.4600,14.4600,14.3700,16.8600,16.8000,82.3200,81.6100,0.8679,0.8671,0.8813,0.8467
2024-07-13,,,,,,,,,,,,,,
2024-07-14,,,,,,,,,,,,,,
2024-07-15,12.0800,12.1800,12.8600,13.1200,14.5400,14.8700,16.8400,17.0700,82.5000,83.8600,0.8845,0.8823,0.9393,0.9284
2024-07-16,12.2600,11.8000,13.0700,13.1900,14.7900,14.9100,16.9800,17.1500,83.4700,82.4000,0.8837,0.8846,0.9380,0.8946
2024-07-17,12.8300,13.1600,13.7300,14.4800,15.3500,15.7900,17.4500,17.7300,85.3800,88.2800,0.8945,0.9170,0.9345,0.9088
2024-07-18,13.5700,14.9000,14.3900,15.9300,15.6200,16.5600,17.6400,18.2000,85.9900,94.7100,0.9213,0.9620,0.9430,0.9353
2024-07-19,15.7100,15.0400,16.3400,16.5200,16.8500,17.1600,18.4500,18.6400,94.8800,97.9300,0.9697,0.9627,0.9614,0.9104
2024-07-20,,,,,,,,,,,,,,
2024-07-21,,,,,,,,,,,,,,
2024-07-22,16.5000,14.7900,16.0600,14.9100,16.7600,16.0900,18.4400,17.9300,97.5200,93.6600,0.9582,0.9267,1.0274,0.9920
2024-07-23,15.1600,14.6100,15.0000,14.7200,16.1100,16.0100,17.9900,17.9200,93.5400,88.5100,0.9311,0.9194,1.0107,0.9925
2024-07-24,15.5900,19.7900,15.4200,18.0400,16.5000,18.4300,18.3600,19.6200,93.0600,106.1200,0.9345,0.9788,1.0110,1.0970
2024-07-25,19.7800,19.8200,18.1000,18.4600,18.3400,18.6900,19.5600,19.8000,104.2200,104.3800,0.9869,0.9877,1.0928,1.0737
2024-07-26,18.6300,16.8100,17.6300,16.3900,18.0600,17.2400,19.3800,18.7500,101.1000,94.6100,0.9762,0.9507,1.0567,1.0256
2024-07-27,,,,,,,,,,,,,,
2024-07-28,,,,,,,,,,,,,,
2024-07-29,18.2700,17.3900,17.0100,16.6000,17.4100,17.1600,18.8700,18.6400,96.3500,93.5100,0.9770,0.9674,1.0741,1.0476
2024-07-30,17.5700,18.9000,16.4500,17.6900,16.9800,18.0100,18.4900,19.2400,92.5400,99.9700,0.9688,0.9822,1.0681,1.0684
2024-07-31,17.3400,16.5100,16.4500,16.3600,17.0200,16.9700,18.4200,18.3200,93.7700,94.2500,0.9665,0.9641,1.0541,1.0092
2024-08-01,16.4700,19.5400,16.2800,18.5900,16.9800,19.1400,18.3000,19.9400,94.0000,111.1800,0.9588,0.9713,1.0117,1.0511
2024-08-02,22.7800,23.3100,21.0600,23.3900,20.9600,23.3400,21.2500,22.9800,119.8400,136.8100,1.0048,1.0021,1.0817,0.9966
2024-08-03,,,,,,,,,,,,,,
2024-08-04,,,,,,,,,,,,,,
2024-08-05,76.0400,42.7900,55.6800,38.5700,43.6200,33.7100,37.4100,30.2800,136.8100,173.3200,1.2765,1.1442,1.3657,1.1094
2024-08-06,34.9000,28.9300,32.3800,27.7100,30.2700,26.7600,27.6200,25.5600,169.6800,150.0900,1.0697,1.0355,1.0778,1.0440
2024-08-07,23.1200,29.2600,22.9700,27.8500,23.5600,27.0100,23.0700,25.7500,136.4300,151.2400,0.9750,1.0311,1.0065,1.0506
2024-08-08,27.5800,23.9000,25.7100,23.7900,25.2900,24.1300,24.5300,23.5000,144.8300,134.3400,1.0166,0.9859,1.0727,1.0046
2024-08-09,24.3300,20.0600,23.9100,20.3700,24.2500,21.1800,23.5800,21.4300,134.5400,114.6300,0.9860,0.9618,1.0176,0.9848
2024-08-10,,,,,,,,,,,,,,
2024-08-11,,,,,,,,,,,,,,
2024-08-12,21.6000,21.9200,20.5200,20.7100,21.2100,21.6300,21.2300,21.6300,114.9000,121.9400,0.9675,0.9575,1.0526,1.0584
2024-08-13,20.7400,18.5700,19.7200,18.1200,20.7900,19.8600,20.9100,20.2300,118.3700,113.8900,0.9485,0.9124,1.0517,1.0248
2024-08-14,17.8700,15.7900,17.3600,16.1900,19.3600,18.4500,19.8400,19.2000,118.3200,107.8100,0.8967,0.8775,1.0294,0.9753
2024-08-15,14.8600,14.3700,15.2500,15.2300,17.8000,17.8800,18.7200,18.7700,103.5900,105.4200,0.8567,0.8518,0.9744,0.9435
2024-08-16,14.7800,12.9700,15.5600,14.8000,18.2800,17.8100,19.0800,18.7800,108.8300,103.4200,0.8512,0.8310,0.9499,0.8764
2024-08-17,,,,,,,,,,,,,,
2024-08-18,,,,,,,,,,,,,,
2024-08-19,15.4500,14.1200,15.5600,14.6500,18.1200,17.5900,19.0000,18.6200,104.2900,98.8200,0.8587,0.8329,0.9929,0.9638
2024-08-20,14.7900,15.8500,15.0500,15.8800,17.8100,18.2800,18.8100,19.3000,100.5800,101.7400,0.8450,0.8687,0.9827,0.9981
2024-08-21,16.2600,15.6500,16.0100,16.2700,18.3700,18.5800,19.3800,19.5400,101.5100,106.7200,0.8715,0.8757,1.0156,0.9619
2024-08-22,15.3800,16.5500,15.9000,17.5500,18.3700,19.3600,19.3800,20.0900,105.9500,112.5300,0.8655,0.9065,0.9673,0.9430
2024-08-23,16.1000,13.6900,16.9800,15.8600,19.0200,18.1900,19.8800,19.3500,109.4100,99.2200,0.8927,0.8719,0.9482,0.8632
2024-08-24,,,,,,,,,,,,,,
2024-08-25,,,,,,,,,,,,,,
2024-08-26,15.3200,14.8700,15.9000,16.1500,18.2000,18.2500,19.3200,19.3600,101.0800,100.6800,0.8736,0.8849,0.9635,0.9207
2024-08-27,15.6900,14.1700,16.6200,15.4300,18.5300,17.7300,19.5900,19.0000,102.3400,93.4500,0.8969,0.8703,0.9440,0.9183
2024-08-28,14.7800,16.6400,15.6100,17.1100,17.8100,18.9000,19.0400,19.8300,95.7800,106.3200,0.8765,0.9053,0.9468,0.9725
2024-08-29,14.8100,13.7300,15.8900,15.6500,18.2000,18.0000,19.3300,19.3100,99.3600,97.0800,0.8731,0.8694,0.9320,0.8773
2024-08-30,13.7000,12.9000,15.4200,15.0000,17.7500,17.4300,19.0900,18.8800,95.4300,93.7300,0.8687,0.8606,0.8885,0.8600
2024-08-31,,,,,,,,,,,,,,
2024-09-01,,,,,,,,,,,,,,
2024-09-02,,,15.6400,15.5500,,,,,,,,,,
2024-09-03,16.1800,20.0700,16.5900,20.7200,18.3900,21.7000,19.4300,21.9300,100.2800,129.7900,0.9021,0.9548,0.9753,0.9686
2024-09-04,22.4900,20.4300,22.3700,21.3200,22.7100,22.0700,22.6900,22.2700,134.7800,123.4700,0.9850,0.9660,1.0054,0.9583
2024-09-05,20.4200,19.5400,20.6200,19.9000,21.6300,20.9300,21.9500,21.4500,120.5300,115.0100,0.9533,0.9508,0.9903,0.9819
2024-09-06,18.5000,22.2600,19.0500,22.3800,20.3200,22.7400,20.9300,22.7900,110.7200,119.3300,0.9375,0.9842,0.9711,0.9946
2024-09-07,,,,,,,,,,,,,,
2024-09-08,,,,,,,,,,,,,,
2024-09-09,22.0700,19.6700,20.9900,19.4500,21.8600,20.8800,22.1400,21.4000,117.8600,110.8500,0.9602,0.9315,1.0515,1.0113
2024-09-10,19.5000,19.6900,19.1500,19.0800,20.7300,20.5500,21.2300,21.2300,111.0000,107.2000,0.9238,0.9285,1.0183,1.0320
2024-09-11,19.3500,17.8800,18.6800,17.6900,20.3700,19.5900,21.0400,20.3700,109.7000,102.9000,0.9170,0.9030,1.0359,1.0107
2024-09-12,18.1200,16.7500,17.9400,17.0700,19.8000,19.4800,20.4600,20.4000,103.6000,103.9400,0.9061,0.8763,1.0100,0.9813
2024-09-13,17.1200,15.8000,17.1300,16.5600,19.5100,19.2800,20.3300,20.2800,104.8900,101.8800,0.8780,0.8589,0.9994,0.9541
2024-09-14,,,,,,,,,,,,,,
2024-09-15,,,,,,,,,,,,,,
2024-09-16,17.5700,17.1900,17.2500,17.1400,19.6700,19.8100,20.4100,20.5800,106.0000,106.6700,0.8770,0.8652,1.0186,1.0029
2024-09-17,17.3800,18.0900,17.2000,17.6100,19.6900,20.1300,20.3900,20.8800,106.7700,107.1900,0.8735,0.8748,1.0105,1.0273
2024-09-18,19.4200,17.9500,19.3900,18.2300,20.5900,20.3500,21.0700,20.9800,107.8700,105.4300,0.9417,0.8958,1.0015,0.9846
2024-09-19,15.4200,14.6600,16.2900,16.3300,19.1800,19.0700,20.0900,20.0400,100.7600,97.4600,0.8493,0.8563,0.9466,0.8977
2024-09-20,14.3600,13.2000,16.1100,16.1500,19.1300,18.9400,20.0100,20.1200,99.1400,94.2700,0.8421,0.8527,0.8914,0.8173
2024-09-21,,,,,,,,,,,,,,
2024-09-22,,,,,,,,,,,,,,
2024-09-23,15.3500,14.3500,16.3500,15.8900,18.8900,18.7000,20.1100,20.0500,96.2200,94.4100,0.8655,0.8497,0.9388,0.9031
2024-09-24,14.8200,14.1200,15.9100,15.3900,18.6500,18.4700,19.9300,19.8700,94.9500,90.9300,0.8531,0.8332,0.9315,0.9175
2024-09-25,14.3100,14.2400,15.4800,15.4100,18.4900,18.5700,19.8100,20.0000,92.0900,90.4800,0.8372,0.8298,0.9244,0.9241
2024-09-26,14.4000,14.5600,15.2800,15.3700,18.5400,18.4500,19.8500,19.9900,91.7900,89.8600,0.8242,0.8331,0.9424,0.9473
2024-09-27,14.6500,15.7400,15.3600,16.9600,18.4400,19.5400,19.9000,20.9200,90.5500,101.3400,0.8330,0.8680,0.9538,0.9281
2024-09-28,,,,,,,,,,,,,,
2024-09-29,,,,,,,,,,,,,,
2024-09-30,17.1900,16.6500,17.1900,16.7300,19.5700,19.2200,20.8800,20.6200,103.5700,99.3400,0.8784,0.8704,1.0000,0.9952
2024-10-01,17.0400,19.5500,16.9300,19.2600,19.3300,20.8900,20.6300,21.8300,100.4100,110.1400,0.8758,0.9220,1.0065,1.0151
2024-10-02,20.5100,18.7600,19.7600,18.9000,21.2800,20.5900,22.0900,21.6200,112.5200,107.9700,0.9286,0.9179,1.0380,0.9926
2024-10-03,19.7900,20.4100,19.9200,20.4900,21.1700,21.6300,22.0500,22.2800,110.8500,115.6400,0.9410,0.9473,0.9935,0.9961
2024-10-04,18.2600,16.4800,19.2400,19.2100,20.9100,20.6500,21.8000,21.6000,112.9500,110.6300,0.9201,0.9303,0.9491,0.8579
2024-10-05,,,,,,,,,,,,,,
2024-10-06,,,,,,,,,,,,,,
2024-10-07,18.4800,20.0000,20.9100,22.6400,21.2400,22.5900,21.9600,23.0200,115.2900,122.5800,0.9845,1.0022,0.8838,0.8834
2024-10-08,19.0900,18.0000,21.8500,21.4200,21.8200,21.5200,22.3900,22.4500,117.7000,114.8200,1.0014,0.9954,0.8737,0.8403
2024-10-09,17.6400,16.4100,21.6700,20.8600,21.5700,20.9100,22.3300,21.8500,124.2300,119.3600,1.0046,0.9976,0.8140,0.7867
2024-10-10,16.3300,15.4900,21.0800,20.9300,21.0100,21.0200,21.9000,21.9600,119.2200,117.4300,1.0033,0.9957,0.7747,0.7401
2024-10-11,15.1800,14.3300,20.8100,20.4600,21.0100,20.7700,21.8900,21.7600,117.4400,113.9900,0.9905,0.9851,0.7295,0.7004
2024-10-12,,,,,,,,,,,,,,
2024-10-13,,,,,,,,,,,,,,
2024-10-14,15.4000,14.6400,20.5400,19.7000,20.6800,20.1200,21.4900,21.1400,113.9300,107.2200,0.9932,0.9791,0.7498,0.7431
2024-10-15,14.5100,14.8800,19.6100,20.6400,19.9600,20.8000,20.9300,21.5200,105.7600,112.9000,0.9825,0.9923,0.7399,0.7209
2024-10-16,15.3000,14.2500,20.8200,19.5800,20.9500,20.3200,21.5600,21.1400,112.6600,111.6200,0.9938,0.9636,0.7349,0.7278
2024-10-17,14.3900,13.8500,19.2700,19.1100,20.0800,19.8100,20.9200,20.7500,109.4400,105.8900,0.9597,0.9647,0.7468,0.7248
2024-10-18,14.2200,12.3800,19.1500,18.0300,19.7300,19.1900,20.7100,20.2300,104.9400,100.9500,0.9706,0.9396,0.7426,0.6866
2024-10-19,,,,,,,,,,,,,,
2024-10-20,,,,,,,,,,,,,,
2024-10-21,15.1000,14.3900,18.9100,18.3700,19.5500,19.2400,20.5000,20.2000,104.4100,102.9600,0.9673,0.9548,0.7985,0.7833
2024-10-22,15.6500,14.5500,19.2800,18.2000,19.8400,19.1700,20.6500,20.2200,105.2800,100.5000,0.9718,0.9494,0.8117,0.7995
2024-10-23,15.2600,16.4900,18.6000,19.2400,19.4000,20.0400,20.2900,20.7400,101.3500,108.1100,0.9588,0.9601,0.8204,0.8571
2024-10-24,16.9100,16.6700,19.0200,19.0800,19.8000,19.8500,20.5300,20.5600,107.5300,109.8400,0.9606,0.9612,0.8891,0.8737
2024-10-25,16.6200,18.4900,18.4900,20.3300,19.5000,20.9400,20.3200,21.5100,107.9300,117.5000,0.9482,0.9709,0.8989,0.9095
2024-10-26,,,,,,,,,,,,,,
2024-10-27,,,,,,,,,,,,,,
2024-10-28,20.2200,21.1700,19.2600,19.8000,20.1000,20.1700,20.6900,20.7900,114.5100,112.2300,0.9582,0.9817,1.0498,1.0692
2024-10-29,22.3300,21.7700,20.2700,19.3400,20.4400,19.9600,20.8900,20.4500,113.4100,108.7000,0.9917,0.9689,1.1016,1.1256
2024-10-30,22.9600,23.5900,19.8200,20.3500,20.3900,20.7600,20.8500,21.2300,110.3200,112.7700,0.9720,0.9803,1.1584,1.1592
2024-10-31,25.0500,26.0500,21.5700,23.1600,21.5700,22.6400,21.8000,22.6100,117.4300,121.8900,1.0000,1.0230,1.1613,1.1248
2024-11-01,24.9100,23.4700,22.0400,21.8800,21.9800,21.9100,22.1800,22.1800,120.3000,119.1200,1.0027,0.9986,1.1302,1.0727
2024-11-02,,,,,,,,,,,,,,
2024-11-03,,,,,,,,,,,,,,
2024-11-04,26.4400,25.7700,22.5400,21.9800,22.1100,21.5700,22.2900,22.0000,121.0800,121.8000,1.0194,1.0190,1.1730,1.1724
2024-11-05,25.9100,24.7000,21.7300,20.4900,21.3200,20.1900,21.7600,20.8500,121.7100,114.3200,1.0192,1.0149,1.1924,1.2055
2024-11-06,16.3700,15.8500,15.8100,16.2700,17.6500,17.6700,18.9500,19.1700,91.7400,97.2400,0.8958,0.9208,1.0354,0.9742
2024-11-07,14.8700,13.8400,15.4400,15.2000,17.2800,16.9500,18.6500,18.6100,93.8300,88.6000,0.8935,0.8968,0.9631,0.9105
2024-11-08,13.3500,13.0900,14.7900,14.9400,16.7400,16.8300,18.2700,18.5600,88.4600,87.7600,0.8835,0.8877,0.9026,0.8762
2024-11-09,,,,,,,,,,,,,,
2024-11-10,,,,,,,,,,,,,,
2024-11-11,14.9500,14.0000,15.3100,14.9700,16.8800,16.8000,18.3400,18.4700,89.0500,90.7300,0.9070,0.8911,0.9765,0.9352
2024-11-12,14.4900,13.9200,15.1600,14.7100,16.9100,16.7100,18.6800,18.5400,90.1700,89.4500,0.8965,0.8803,0.9558,0.9463
2024-11-13,14.0900,12.8100,14.7200,14.0200,16.7900,16.5100,18.4400,18.4600,92.2500,91.7600,0.8767,0.8492,0.9572,0.9137
2024-11-14,12.8700,13.1300,14.0100,14.3100,16.4900,16.6800,18.4300,18.5700,91.8000,90.4300,0.8496,0.8579,0.9186,0.9175
2024-11-15,13.4900,14.8100,14.6900,16.1400,16.9300,17.8100,18.6200,19.2500,93.3000,98.9300,0.8677,0.9062,0.9183,0.9176
2024-11-16,,,,,,,,,,,,,,
2024-11-17,,,,,,,,,,,,,,
2024-11-18,16.1400,13.9800,16.6600,15.5800,17.9600,17.1900,19.3600,18.7600,99.5200,93.8100,0.9276,0.9063,0.9688,0.8973
2024-11-19,15.8600,14.2400,17.0000,16.3500,18.2200,17.6900,19.4300,19.1600,105.0100,97.3700,0.9330,0.9243,0.9329,0.8709
2024-11-20,14.2100,15.0800,16.5300,17.1600,17.8100,18.2600,19.0900,19.4300,99.7000,102.2000,0.9281,0.9398,0.8596,0.8788
2024-11-21,13.4100,14.1500,15.8900,16.8700,17.6200,18.1800,18.9300,19.4100,98.5000,101.3000,0.9018,0.9279,0.8439,0.8388
2024-11-22,13.8300,11.4600,16.4700,15.2400,17.9600,17.3000,19.1800,18.7800,99.8700,95.1300,0.9170,0.8809,0.8397,0.7520
2024-11-23,,,,,,,,,,,,,,
2024-11-24,,,,,,,,,,,,,,
2024-11-25,13.2100,12.3100,14.8600,14.6000,17.0500,16.8700,18.5100,18.4400,92.1600,88.7900,0.8716,0.8654,0.8890,0.8432
2024-11-26,12.5500,11.7300,14.4400,14.1000,16.8000,16.5300,18.3100,18.1700,89.1200,87.7100,0.8595,0.8530,0.8691,0.8319
2024-11-27,12.0400,10.7500,14.1400,14.1000,16.6500,16.6000,18.2900,18.2800,89.5000,88.3600,0.8492,0.8494,0.8515,0.7624
2024-11-28,,,14.0000,13.9000,,,,,,,,,,
2024-11-29,12.1200,10.8900,14.0900,13.5100,16.6300,16.2600,18.2000,18.1500,87.8800,86.3200,0.8473,0.8309,0.8602,0.8061
2024-11-30,,,,,,,,,,,,,,
2024-12-01,,,,,,,,,,,,,,
2024-12-02,12.7400,11.8600,13.8600,13.3400,16.5200,16.3400,18.1400,18.0500,89.6300,87.1100,0.8390,0.8164,0.9192,0.8891
2024-12-03,12.2500,11.8700,13.4900,13.3000,16.4700,16.2400,18.1100,17.9800,88.0200,86.4300,0.8191,0.8190,0.9081,0.8925
2024-12-04,11.8300,11.6000,12.9600,13.4500,16.2300,16.3900,17.9800,18.3000,86.8500,86.4800,0.7985,0.8206,0.9128,0.8625
2024-12-05,11.8600,11.6800,13.5100,13.5400,16.4800,16.5800,18.2800,18.3600,88.2100,86.9500,0.8198,0.8166,0.8779,0.8626
2024-12-06,11.0200,10.3800,13.0700,12.7700,16.3000,16.3200,18.1900,18.2100,84.9500,87.3800,0.8018,0.7825,0.8432,0.8128
2024-12-07,,,,,,,,,,,,,,
2024-12-08,,,,,,,,,,,,,,
2024-12-09,12.1500,12.9700,13.4300,14.1900,16.6100,17.0900,18.4200,18.7800,91.0100,93.8400,0.8085,0.8303,0.9047,0.9140
2024-12-10,13.1700,13.2900,14.1700,14.1800,17.0400,16.9800,18.7300,18.8000,93.2900,94.3500,0.8316,0.8351,0.9294,0.9372
2024-12-11,12.6700,12.0400,13.6300,13.5800,16.6700,16.8800,18.5700,18.9000,95.2800,98.1200,0.8176,0.8045,0.9296,0.8866
2024-12-12,11.8900,11.9300,13.6400,13.9200,16.8800,17.3500,18.9400,19.3100,98.9300,99.4300,0.8081,0.8023,0.8717,0.8570
2024-12-13,11.0500,10.9000,13.4300,13.8100,16.8500,17.1500,18.9700,19.2300,96.7800,96.5000,0.7970,0.8052,0.8228,0.7893
2024-12-14,,,,,,,,,,,,,,
2024-12-15,,,,,,,,,,,,,,
2024-12-16,11.4600,12.0600,14.2000,14.6900,17.3000,17.5700,19.3400,19.5000,96.9400,98.3500,0.8208,0.8361,0.8070,0.8210
2024-12-17,12.8000,13.3900,15.2200,15.8700,17.9100,18.1300,19.8200,19.8700,100.0400,100.7300,0.8498,0.8753,0.8410,0.8437
2024-12-18,12.9000,35.4200,15.6600,27.6200,18.0400,24.2400,19.9400,23.6200,101.0900,129.7900,0.8681,1.1394,0.8238,1.2824
2024-12-19,20.5500,23.7200,20.8900,24.0900,20.8900,24.1400,21.9200,23.9100,59.3100,136.2900,1.0000,0.9979,0.9837,0.9846
2024-12-20,22.4100,15.9500,23.3500,18.3600,23.9300,20.1000,24.0700,21.5000,137.6900,114.0100,0.9758,0.9134,0.9597,0.8687
2024-12-21,,,,,,,,,,,,,,
2024-12-22,,,,,,,,,,,,,,
2024-12-23,17.3400,14.7600,18.4000,16.7800,19.8500,18.6500,21.2300,20.3200,112.3800,102.3400,0.9270,0.8997,0.9424,0.8796
2024-12-24,14.9800,10.8900,16.9200,14.2700,18.4700,17.2000,20.1400,19.2800,101.4900,91.0500,0.9161,0.8297,0.8853,0.7631
2024-12-25,,,,,,,,,,,,,,
2024-12-26,12.6300,11.6300,15.1400,14.7300,17.5400,17.3600,19.4800,19.3800,95.0600,92.7700,0.8632,0.8485,0.8342,0.7895
2024-12-27,13.4000,13.3100,15.9500,15.9500,18.0400,18.0700,19.9200,19.8800,96.6400,98.8100,0.8841,0.8827,0.8401,0.8345
2024-12-28,,,,,,,,,,,,,,
2024-12-29,,,,,,,,,,,,,,
2024-12-30,16.9800,15.8100,18.3300,17.4000,19.7000,18.9400,21.0900,20.5000,108.7400,103.0500,0.9305,0.9187,0.9264,0.9086
2024-12-31,15.6300,15.1500,16.9400,17.3500,18.5500,18.9800,20.2400,20.5500,100.7400,104.3300,0.9132,0.9141,0.9227,0.8732
2025-01-01,,,,,,,,,,,,,,
2025-01-02,15.5800,16.2600,17.2700,17.9300,18.7100,19.3300,20.3500,20.7100,103.6700,106.5900,0.9230,0.9276,0.9021,0.9069
2025-01-03,15.9500,13.4400,17.3700,16.1300,18.9400,18.1400,20.4500,19.8200,104.6300,94.3600,0.9171,0.8892,0.9182,0.8332
2025-01-04,,,,,,,,,,,,,,
2025-01-05,,,,,,,,,,,,,,
2025-01-06,14.9400,14.2000,16.2400,16.0400,17.9900,18.0300,19.7500,19.6500,95.6800,95.8900,0.9027,0.8896,0.9200,0.8853
2025-01-07,14.1600,16.1000,15.8000,17.8200,17.8200,19.1900,19.4400,20.4800,94.8500,106.3700,0.8866,0.9286,0.8962,0.9035
2025-01-08,17.8700,16.1500,18.8500,17.7000,19.7400,19.3400,20.8300,20.4600,109.5200,103.9300,0.9549,0.9152,0.9480,0.9124
2025-01-09,,,,,,,,,,,,,,
2025-01-10,18.0200,17.8300,18.9500,19.5400,20.3900,20.9700,21.2400,21.7100,109.6200,115.4900,0.9294,0.9318,0.9509,0.9125
2025-01-11,,,,,,,,,,,,,,
2025-01-12,,,,,,,,,,,,,,
2025-01-13,21.1500,18.7000,21.3500,19.1900,22.1400,20.4300,22.4800,21.1400,122.2200,110.9400,0.9643,0.9393,0.9906,0.9745
2025-01-14,18.3700,18.1500,18.7500,18.7100,20.1100,19.9900,20.8900,20.9200,109.1200,107.9300,0.9324,0.9360,0.9797,0.9701
2025-01-15,15.7800,13.9400,16.9300,16.1200,18.7000,18.2300,20.0800,19.7900,103.2600,97.7900,0.9053,0.8843,0.9321,0.8648
2025-01-16,14.2600,14.8800,16.0900,16.6000,18.2100,18.3500,19.7800,19.9000,97.2100,99.8400,0.8836,0.9046,0.8863,0.8964
2025-01-17,14.5900,14.1300,15.8800,15.9700,17.8100,18.1900,19.3200,19.8000,96.9300,101.6100,0.8916,0.8780,0.9188,0.8848
2025-01-18,,,,,,,,,,,,,,
2025-01-19,,,,,,,,,,,,,,
2025-01-20,,,15.9800,15.8100,,,,,,,,,,
2025-01-21,16.3200,14.3100,15.8200,15.0600,17.9800,17.5000,19.4700,19.2100,100.9300,98.2600,0.8799,0.8606,1.0316,0.9502
2025-01-22,14.2700,13.5700,15.1400,15.1000,17.8200,17.8100,19.4700,19.3900,98.5400,100.5600,0.8496,0.8478,0.9425,0.8987
2025-01-23,13.8400,13.4200,15.0700,15.0200,17.7600,17.5200,19.4400,19.1800,100.3400,99.5200,0.8485,0.8573,0.9184,0.8935
2025-01-24,13.5100,12.8800,14.9200,14.8500,17.4700,17.5500,19.1800,19.2400,98.6300,100.4100,0.8540,0.8462,0.9055,0.8673
2025-01-25,,,,,,,,,,,,,,
2025-01-26,,,,,,,,,,,,,,
2025-01-27,21.7900,18.4500,20.6100,17.9000,20.3100,18.9700,21.2600,20.1000,117.4700,110.3100,1.0148,0.9436,1.0573,1.0307
2025-01-28,18.2900,16.6400,17.6100,16.4100,18.7600,18.1300,19.9700,19.4700,108.3500,103.7400,0.9387,0.9051,1.0386,1.0140
2025-01-29,17.0200,16.4100,16.6700,16.5600,18.2800,18.1500,19.6200,19.5900,102.8100,101.6800,0.9119,0.9124,1.0210,0.9909
2025-01-30,15.4500,14.9800,15.7500,15.8400,17.7400,17.9100,19.2500,19.3300,98.8800,98.3200,0.8878,0.8844,0.9810,0.9457
2025-01-31,14.3300,15.8500,15.2400,16.4300,17.5800,18.4300,19.1000,19.7700,96.4500,101.5000,0.8669,0.8915,0.9403,0.9647
2025-02-01,,,,,,,,,,,,,,
2025-02-02,,,,,,,,,,,,,,
2025-02-03,20.4200,19.3800,19.2900,18.6200,20.3300,19.5500,21.0100,20.3500,111.9800,109.0100,0.9488,0.9524,1.0586,1.0408
2025-02-04,18.4700,17.0000,18.0200,17.2100,19.2900,18.6400,20.1200,19.8300,106.5000,100.8800,0.9342,0.9233,1.0250,0.9878
2025-02-05,16.6600,14.8800,16.8500,15.7700,18.6700,17.9600,19.7300,19.2400,100.8500,97.2900,0.9025,0.8781,0.9887,0.9436
2025-02-06,14.7400,14.1500,15.6900,15.5000,17.9200,17.9400,19.1700,19.2200,96.9000,96.7700,0.8756,0.8640,0.9395,0.9129
2025-02-07,13.1400,14.6700,14.9500,16.5400,17.7100,18.6300,18.9900,19.7600,95.3800,101.4900,0.8442,0.8878,0.8789,0.8869
2025-02-08,,,,,,,,,,,,,,
2025-02-09,,,,,,,,,,,,,,
2025-02-10,14.6900,13.7600,16.2000,15.8100,18.3700,18.2300,19.5300,19.4400,101.5500,99.1500,0.8819,0.8673,0.9068,0.8703
2025-02-11,14.2700,13.8300,16.0800,16.0200,18.5200,18.2800,19.6900,19.4800,100.3400,99.8200,0.8683,0.8764,0.8874,0.8633
2025-02-12,15.1700,13.5100,16.8700,15.8900,18.9700,18.3100,19.9900,19.5400,106.3400,98.7400,0.8893,0.8678,0.8992,0.8502
2025-02-13,13.5500,12.3100,15.6800,15.1000,18.2500,17.8400,19.5100,19.1100,98.6100,95.4800,0.8592,0.8464,0.8642,0.8152
2025-02-14,12.2700,11.5600,15.0100,14.7700,17.8600,17.8100,19.2000,19.1900,95.5600,96.9000,0.8404,0.8293,0.8175,0.7827
2025-02-15,,,,,,,,,,,,,,
2025-02-16,,,,,,,,,,,,,,
2025-02-17,,,15.4500,15.3700,,,,,,,,,,
2025-02-18,14.3700,13.2000,15.7400,15.3500,18.1000,17.8200,19.4400,19.3200,97.3500,98.5000,0.8696,0.8614,0.9130,0.8599
2025-02-19,13.9200,13.0600,15.9000,15.2700,18.1600,17.9300,19.5700,19.4100,101.2500,95.5500,0.8756,0.8516,0.8755,0.8553
2025-02-20,13.3700,13.4600,15.5400,15.6600,18.0100,18.0100,19.5000,19.6600,95.6700,94.9900,0.8629,0.8695,0.8604,0.8595
2025-02-21,13.6000,17.0000,15.5800,18.2100,18.0300,19.4800,19.5800,20.6000,95.7800,105.7100,0.8641,0.9348,0.8729,0.9336
2025-02-22,,,,,,,,,,,,,,
2025-02-23,,,,,,,,,,,,,,
2025-02-24,17.3900,18.3000,17.7700,18.9800,19.1100,19.8600,20.2900,20.8800,105.5100,106.8000,0.9299,0.9557,0.9786,0.9642
2025-02-25,18.9800,19.2900,19.3600,19.4300,20.0400,20.0300,20.9500,21.0400,108.7100,108.4700,0.9661,0.9700,0.9804,0.9928
2025-02-26,19.7100,18.8800,19.2500,19.1000,20.0300,19.7500,20.9400,20.8100,108.8000,106.0500,0.9611,0.9671,1.0239,0.9885
2025-02-27,17.9000,20.9500,18.0900,21.1300,19.3000,21.2200,20.4300,21.9100,102.1300,114.7900,0.9373,0.9958,0.9895,0.9915
2025-02-28,21.7000,18.8800,21.3000,19.6300,21.3600,20.1800,21.8800,21.1700,115.1200,108.9900,0.9972,0.9727,1.0188,0.9618
2025-03-01,,,,,,,,,,,,,,
2025-03-02,,,,,,,,,,,,,,
2025-03-03,20.3500,23.9600,19.6100,22.7800,20.1000,22.1800,20.8600,22.5000,106.4300,118.7400,0.9756,1.0271,1.0377,1.0518
2025-03-04,26.1400,24.7900,24.3100,23.5100,23.2500,22.7800,23.2600,22.9100,125.5500,118.5600,1.0456,1.0320,1.0753,1.0544
2025-03-05,25.7300,22.9000,23.9700,21.9300,22.9900,21.7200,22.9500,22.1000,118.3500,109.6300,1.0426,1.0097,1.0734,1.0442
2025-03-06,25.1800,26.7900,23.7800,24.8700,23.1000,23.7000,23.0900,23.6900,118.0900,120.8200,1.0294,1.0494,1.0589,1.0772
2025-03-07,26.3400,23.7900,24.8400,23.3700,23.7800,22.5900,23.5700,22.8400,119.5700,115.7300,1.0446,1.0345,1.0604,1.0180
2025-03-08,,,,,,,,,,,,,,
2025-03-09,,,,,,,,,,,,,,
2025-03-10,29.3500,31.1900,26.3500,27.8600,24.4700,25.7200,24.1000,24.9800,124.8600,128.4600,1.0768,1.0832,1.1139,1.1195
2025-03-11,31.3600,28.9300,28.2900,26.9200,25.8000,25.3400,24.9400,24.8400,134.9000,129.5100,1.0965,1.0624,1.1085,1.0747
2025-03-12,27.3800,25.2600,25.3600,24.2300,24.3700,23.6700,23.8600,23.5200,122.6800,115.8900,1.0406,1.0237,1.0797,1.0425
2025-03-13,25.6900,25.3600,24.3700,24.6600,23.8100,24.0600,23.7000,23.7100,115.2500,112.8900,1.0235,1.0249,1.0542,1.0284
2025-03-14,24.6600,21.7700,23.9300,21.7700,23.5100,22.1700,23.3000,22.3700,109.6700,98.2300,1.0179,0.9820,1.0305,1.0000
2025-03-15,,,,,,,,,,,,,,
2025-03-16,,,,,,,,,,,,,,
2025-03-17,23.8300,21.3000,21.9900,20.5100,22.1800,21.3000,22.2600,21.6600,97.5800,95.9300,0.9914,0.9629,1.0837,1.0385
2025-03-18,22.8900,22.5900,21.4700,21.7000,21.7100,21.9700,21.9100,22.1200,96.6600,99.6800,0.9889,0.9877,1.0661,1.0410
2025-03-19,22.5200,19.7900,21.4600,19.9000,21.8100,20.8300,21.9500,21.3400,97.9300,93.2300,0.9840,0.9554,1.0494,0.9945
2025-03-20,21.6400,19.4600,20.9600,19.8000,21.5400,20.7100,21.8400,21.2600,97.0900,89.9500,0.9731,0.9561,1.0324,0.9828
2025-03-21,21.2700,18.5800,20.7000,19.2800,21.3200,20.3500,21.6600,20.9800,93.2100,87.9900,0.9709,0.9474,1.0275,0.9637
2025-03-22,,,,,,,,,,,,,,
2025-03-23,,,,,,,,,,,,,,
2025-03-24,20.6500,18.5600,19.0500,17.4800,19.9100,19.0400,20.6100,19.9600,85.3100,81.8900,0.9568,0.9181,1.0840,1.0618
2025-03-25,18.5500,18.0100,17.1400,17.1500,18.8900,19.0500,19.8400,20.0800,83.1900,87.4600,0.9074,0.9003,1.0823,1.0501
2025-03-26,18.4300,19.9600,17.1800,18.3300,19.0700,19.8400,20.1200,20.8600,88.0000,90.2400,0.9009,0.9239,1.0728,1.0889
2025-03-27,20.6800,20.0300,18.6900,18.6900,20.1200,19.8900,21.1200,21.0000,92.8400,89.5100,0.9289,0.9397,1.1065,1.0717
2025-03-28,20.9400,22.6900,19.2500,21.6500,20.2600,22.0100,21.3000,22.5800,91.3000,102.4400,0.9501,0.9836,1.0878,1.0480
2025-03-29,,,,,,,,,,,,,,
2025-03-30,,,,,,,,,,,,,,
2025-03-31,26.7500,25.1400,24.0900,22.2800,23.3100,21.9700,23.5300,22.4500,109.8700,99.1200,1.0335,1.0141,1.1104,1.1284
2025-04-01,25.7800,24.4600,22.6800,21.7700,22.3600,21.8200,22.7600,22.3200,101.7500,97.5500,1.0143,0.9977,1.1367,1.1236
2025-04-02,26.9000,24.2900,23.2400,21.5100,22.9900,21.4500,23.2300,21.8900,103.4500,118.3700,1.0109,1.0028,1.1575,1.1292
2025-04-03,29.6100,34.1000,26.3800,30.0200,25.0800,27.3800,24.8000,26.1900,114.1400,119.4800,1.0518,1.0964,1.1224,1.1359
2025-04-04,44.9500,57.1700,36.8900,45.3100,31.6700,36.7100,29.4000,32.5500,126.6100,147.1600,1.1648,1.2343,1.2185,1.2618
2025-04-05,,,,,,,,,,,,,,
2025-04-06,,,,,,,,,,,,,,
2025-04-07,68.5800,62.5800,50.3500,46.9800,39.9800,36.8800,35.2500,32.3800,157.7700,152.6300,1.2594,1.2739,1.3621,1.3321
2025-04-08,49.4000,67.6300,38.4800,52.3300,31.9100,41.5000,28.8300,35.7700,142.1100,170.9200,1.2059,1.2610,1.2838,1.2924
2025-04-09,67.5500,40.0600,50.3900,33.6200,41.6300,29.9200,36.3000,27.4500,186.3300,142.5000,1.2104,1.1237,1.3405,1.1916
2025-04-10,43.5800,50.4300,36.1300,40.7200,32.2300,35.7100,29.7000,32.5300,145.3000,157.2400,1.1210,1.1403,1.2062,1.2385
2025-04-11,54.5400,43.3200,43.6000,37.5600,37.3600,33.9100,33.4500,31.6000,161.3300,147.3500,1.1670,1.1076,1.2509,1.1534
2025-04-12,,,,,,,,,,,,,,
2025-04-13,,,,,,,,,,,,,,
2025-04-14,37.0300,34.2000,32.0400,30.8900,30.3300,29.6300,28.9500,28.7700,132.0700,122.3200,1.0564,1.0425,1.1557,1.1072
2025-04-15,32.3500,29.9400,29.9100,30.1200,29.2500,29.0000,28.5200,28.2000,121.5900,115.8900,1.0226,1.0386,1.0816,0.9940
2025-04-16,33.3500,33.2200,31.6000,32.6400,30.1500,30.9400,29.0600,29.7800,122.9600,122.9100,1.0481,1.0549,1.0554,1.0178
2025-04-17,31.2600,27.6500,30.9600,29.6500,30.1100,29.3500,29.2700,28.8800,120.6000,116.2600,1.0282,1.0102,1.0097,0.9325
2025-04-18,,,,,,,,,,,,,,
2025-04-19,,,,,,,,,,,,,,
2025-04-20,,,,,,,,,,,,,,
2025-04-21,34.2400,36.5600,31.9700,33.8200,30.4900,31.8300,29.7500,30.9300,122.7400,124.1100,1.0485,1.0625,1.0710,1.0810
2025-04-22,33.9600,33.1400,31.7900,30.5700,30.3700,29.4500,29.8500,28.9300,119.5900,112.9600,1.0468,1.0380,1.0683,1.0841
2025-04-23,30.4700,30.7400,27.7500,28.4500,27.6400,28.0200,27.6900,27.8400,106.7900,109.0200,1.0040,1.0153,1.0980,1.0805
2025-04-24,29.7400,28.2800,27.8100,26.4700,27.6700,26.4400,27.6200,26.7300,108.1900,102.9800,1.0051,1.0011,1.0694,1.0684
2025-04-25,28.8300,24.6400,26.5900,24.8400,26.6600,25.3700,26.8900,25.8900,104.6300,98.9500,0.9974,0.9791,1.0842,0.9919
2025-04-26,,,,,,,,,,,,,,
2025-04-27,,,,,,,,,,,,,,
2025-04-28,27.1500,26.4700,24.9800,25.1500,25.3700,25.7300,25.7800,26.1000,99.5800,103.3900,0.9846,0.9775,1.0869,1.0525
2025-04-29,27.6300,24.9500,25.7000,24.1700,26.0800,25.2200,26.4000,25.8300,104.2300,101.3100,0.9854,0.9584,1.0751,1.0323
2025-04-30,28.5700,25.0700,26.8400,24.7000,26.7200,25.5400,26.9500,25.9900,107.0200,102.2900,1.0045,0.9671,1.0645,1.0150
2025-05-01,24.5300,24.8200,24.0000,24.6000,25.1200,25.4900,25.6900,25.9100,99.6200,102.3100,0.9554,0.9651,1.0221,1.0089
2025-05-02,22.3400,21.2200,22.8100,22.6800,24.4000,24.0000,25.1400,24.7000,99.1100,97.2600,0.9348,0.9450,0.9794,0.9356
2025-05-03,,,,,,,,,,,,,,
2025-05-04,,,,,,,,,,,,,,
2025-05-05,24.4000,22.7300,24.1200,23.6400,24.7700,24.5500,25.2900,25.1100,102.5000,101.1700,0.9738,0.9629,1.0116,0.9615
2025-05-06,24.2500,24.1400,24.7700,24.7600,25.3400,25.4100,25.7200,25.7600,104.9100,104.3200,0.9775,0.9744,0.9790,0.9750
2025-05-07,25.3100,22.6900,24.7500,23.5500,25.4500,24.7000,25.7800,25.2800,103.4400,99.8200,0.9725,0.9534,1.0226,0.9635
2025-05-08,22.6800,21.6300,22.8100,22.4800,24.2300,23.7600,24.8800,24.6000,97.6100,96.2900,0.9414,0.9461,0.9943,0.9622
2025-05-09,21.5000,20.8700,22.1900,21.9000,23.5300,23.3800,24.3700,24.3300,95.6800,96.3500,0.9431,0.9367,0.9689,0.9530
2025-05-10,,,,,,,,,,,,,,
2025-05-11,,,,,,,,,,,,,,
2025-05-12,19.0200,17.9700,19.4700,18.3900,21.6300,20.2200,22.8700,21.6600,91.4700,87.9300,0.9001,0.9095,0.9769,0.9772
2025-05-13,17.0400,17.4100,17.8700,18.2200,19.9600,20.0900,21.4100,21.4500,85.7000,91.5900,0.8953,0.9069,0.9536,0.9555
2025-05-14,17.2800,17.5300,18.2000,18.6200,20.1200,20.5800,21.4600,21.8300,93.3400,97.1600,0.9046,0.9048,0.9495,0.9415
2025-05-15,17.7300,15.8800,18.7600,17.8300,20.9100,20.2500,22.1100,21.5900,98.2700,94.1100,0.8972,0.8805,0.9451,0.8906
2025-05-16,15.5900,14.3500,17.5900,17.2400,20.2400,20.0800,21.5600,21.6300,93.5700,94.9400,0.8691,0.8586,0.8863,0.8324
2025-05-17,,,,,,,,,,,,,,
2025-05-18,,,,,,,,,,,,,,
2025-05-19,18.5200,16.8100,19.1600,18.1400,21.5200,20.6900,22.6000,22.0100,101.7900,96.8900,0.8903,0.8768,0.9666,0.9267
2025-05-20,16.8900,16.5700,18.0900,18.0900,20.7000,20.7200,22.0300,22.0400,96.1900,96.6200,0.8739,0.8731,0.9337,0.9160
2025-05-21,17.6700,19.5600,18.8500,20.8700,21.3600,22.6600,22.5400,23.5400,99.6100,106.3000,0.8825,0.9210,0.9374,0.9372
2025-05-22,20.0500,18.4200,21.1000,20.2800,22.8900,22.3200,23.7000,23.3500,106.4600,104.1000,0.9218,0.9086,0.9502,0.9083
2025-05-23,24.9100,20.6300,24.3400,22.2900,24.6800,23.8000,24.8900,24.3900,112.3800,109.7600,0.9862,0.9366,1.0234,0.9255
2025-05-24,,,,,,,,,,,,,,
2025-05-25,,,,,,,,,,,,,,
2025-05-26,,,20.4800,20.5700,,,,,,,,,,
2025-05-27,20.4500,17.9000,20.6300,18.9600,22.4300,21.2900,23.2400,22.4300,104.0500,96.4900,0.9198,0.8906,0.9913,0.9441
2025-05-28,18.1800,18.1900,19.0400,19.3100,21.3900,21.6700,22.5000,22.7400,97.3800,97.1500,0.8901,0.8911,0.9548,0.9420
2025-05-29,18.4600,17.8400,18.9900,19.1800,21.2900,21.6200,22.5700,22.7700,95.5600,95.3200,0.8920,0.8871,0.9721,0.9301
2025-05-30,18.4500,16.7400,19.6400,18.5700,21.9500,21.3800,23.0900,22.7200,96.8300,95.1500,0.8948,0.8686,0.9394,0.9015
2025-05-31,,,,,,,,,,,,,,
2025-06-01,,,,,,,,,,,,,,
2025-06-02,18.9000,17.6400,19.2400,18.3600,21.8100,21.0900,22.9900,22.4500,98.9100,91.8400,0.8822,0.8706,0.9823,0.9608
2025-06-03,17.7300,16.6200,18.2600,17.6900,21.0800,20.7200,22.4500,22.1300,91.5800,90.8900,0.8662,0.8538,0.9710,0.9395
2025-06-04,16.6500,16.0400,17.5500,17.6100,20.5800,20.6600,22.0400,22.1700,91.1600,90.7900,0.8528,0.8524,0.9487,0.9108
2025-06-05,16.0600,17.3400,17.4500,18.4800,20.4400,21.1100,22.0100,22.5100,90.2600,93.2000,0.8537,0.8754,0.9203,0.9383
2025-06-06,15.0100,14.2000,17.1300,16.7700,20.2700,20.0200,21.8900,21.7500,91.2000,89.4500,0.8451,0.8377,0.8762,0.8468
2025-06-07,,,,,,,,,,,,,,
2025-06-08,,,,,,,,,,,,,,
2025-06-09,15.9800,15.3800,17.4700,17.1600,20.2500,20.0900,21.9200,21.8200,91.5800,88.9700,0.8627,0.8542,0.9147,0.8963
2025-06-10,15.5300,15.1600,17.1100,16.9500,20.0400,19.9400,21.7900,21.6000,88.8500,92.0600,0.8538,0.8501,0.9077,0.8944
2025-06-11,14.4700,15.4200,16.5500,17.2600,19.6800,20.3000,21.4300,21.8100,92.8300,99.0200,0.8410,0.8502,0.8743,0.8934
2025-06-12,16.4400,16.1200,18.0400,18.0200,20.7200,20.6500,22.1300,22.1000,101.3700,103.0400,0.8707,0.8726,0.9113,0.8946
2025-06-13,18.9100,19.2600,19.7700,20.8200,21.9800,22.6200,23.0500,23.4000,110.7000,113.3700,0.8995,0.9204,0.9565,0.9251
2025-06-14,,,,,,,,,,,,,,
2025-06-15,,,,,,,,,,,,,,
2025-06-16,18.2900,17.8700,19.5600,19.1100,21.6800,21.2300,22.6500,22.4300,107.3400,106.1900,0.9022,0.9001,0.9351,0.9351
2025-06-17,19.3200,21.8600,19.9300,21.6000,21.9500,22.9100,22.9900,23.6200,109.1100,115.5000,0.9080,0.9428,0.9694,1.0120
2025-06-18,21.2000,19.1300,20.9000,20.1400,22.7000,21.9700,23.7300,22.9700,114.9900,106.2000,0.9207,0.9167,1.0144,0.9499
2025-06-19,,,21.7000,22.1700,,,,,,,,,,
2025-06-20,17.6400,18.3200,19.3300,20.6200,21.5900,22.4800,22.7300,23.4400,104.8700,108.8600,0.8953,0.9173,0.9126,0.8885
2025-06-21,,,,,,,,,,,,,,
2025-06-22,,,,,,,,,,,,,,
2025-06-23,20.0900,17.9200,20.9100,19.8300,22.6500,21.8200,23.5300,22.9000,111.2300,104.3200,0.9232,0.9088,0.9608,0.9037
2025-06-24,16.1400,15.4000,18.1400,17.4800,20.6600,20.0500,22.0500,21.6700,98.1200,92.2900,0.8780,0.8718,0.8897,0.8810
2025-06-25,15.0300,13.8100,17.0800,16.7600,19.8200,19.6700,21.4500,21.4500,91.3000,89.6500,0.8618,0.8521,0.8800,0.8240
2025-06-26,14.1300,13.4900,16.6000,16.5900,19.4700,19.4500,21.3000,21.2600,89.2900,89.6000,0.8526,0.8530,0.8512,0.8131
2025-06-27,13.2200,12.8100,16.3000,16.3200,19.2800,19.4500,21.1900,21.3100,88.0500,91.8400,0.8454,0.8391,0.8110,0.7849
2025-06-28,,,,,,,,,,,,,,
2025-06-29,,,,,,,,,,,,,,
2025-06-30,14.4600,13.7700,17.0700,16.7300,19.5100,19.4400,21.3200,21.2700,91.4800,89.7400,0.8749,0.8606,0.8471,0.8231
2025-07-01,14.5400,13.7900,17.1200,16.8300,19.6200,19.5100,21.4300,21.3200,90.4300,89.5400,0.8726,0.8626,0.8493,0.8194
2025-07-02,14.5400,13.0700,17.2800,16.6400,19.5800,19.3500,21.3300,21.1600,90.0200,89.8000,0.8825,0.8599,0.8414,0.7855
2025-07-03,12.7200,12.8500,16.1700,16.3800,19.0200,19.2100,20.9100,21.0200,88.2300,90.6000,0.8502,0.8527,0.7866,0.7845
2025-07-04,,,17.5300,17.4800,,,,,,,,,,
2025-07-05,,,,,,,,,,,,,,
2025-07-06,,,,,,,,,,,,,,
2025-07-07,15.7800,15.7100,17.6400,17.7900,19.9700,20.2100,21.3700,21.6100,95.3900,96.3000,0.8833,0.8803,0.8946,0.8831
2025-07-08,14.5400,13.9000,17.1000,16.8100,19.7700,19.5800,21.2400,21.1100,93.7300,91.3100,0.8649,0.8585,0.8503,0.8269
2025-07-09,12.9100,12.5300,15.9600,15.9400,19.0600,19.0200,20.7200,20.7200,93.9200,91.7600,0.8374,0.8381,0.8089,0.7861
2025-07-10,12.7900,12.4600,15.8900,15.7800,19.0000,18.9200,20.6800,20.6800,90.6100,90.9400,0.8363,0.8340,0.8049,0.7896
2025-07-11,13.7600,13.0300,16.6000,16.4000,19.4900,19.3700,21.0800,21.0900,93.6200,93.5300,0.8517,0.8467,0.8289,0.7945
2025-07-12,,,,,,,,,,,,,,
2025-07-13,,,,,,,,,,,,,,
2025-07-14,14.9000,14.2700,17.2100,17.2000,19.8900,19.8400,21.3400,21.3200,96.2900,95.7500,0.8653,0.8669,0.8658,0.8297
2025-07-15,13.4000,14.6900,16.6000,17.3800,19.4800,20.0600,21.0700,21.4900,92.9400,94.6600,0.8522,0.8664,0.8072,0.8452
2025-07-16,13.8100,13.7700,16.7200,17.1600,19.7400,20.0900,21.3400,21.6000,94.4800,95.5600,0.8470,0.8542,0.8260,0.8024
2025-07-17,14.1800,13.1400,17.2400,16.5200,20.0800,19.6900,21.6200,21.3900,95.1900,92.9000,0.8586,0.8390,0.8225,0.7954
2025-07-18,13.4300,12.7000,16.4400,16.4100,19.5900,19.5800,21.3000,21.3300,92.3800,93.1500,0.8392,0.8381,0.8169,0.7739
2025-07-19,,,,,,,,,,,,,,
2025-07-20,,,,,,,,,,,,,,
2025-07-21,15.0500,14.9500,16.8300,16.6500,19.6200,19.5100,21.3600,21.2600,94.3100,92.2600,0.8578,0.8534,0.8942,0.8979
2025-07-22,15.7100,15.0300,16.8500,16.5000,19.6400,19.5300,21.3400,21.3500,92.8300,90.5800,0.8579,0.8449,0.9323,0.9109
2025-07-23,14.8900,14.0500,16.1700,15.3700,19.2700,18.5600,21.1400,20.6000,89.0600,88.0400,0.8391,0.8281,0.9208,0.9141
2025-07-24,13.6300,14.0800,15.0400,15.3900,18.4200,18.5600,20.5300,20.5700,88.0500,89.7500,0.8165,0.8292,0.9063,0.9149
2025-07-25,13.7300,12.8300,15.2800,14.9300,18.5400,18.3200,20.5400,20.3300,90.1800,90.5900,0.8242,0.8150,0.8986,0.8593
2025-07-26,,,,,,,,,,,,,,
2025-07-27,,,,,,,,,,,,,,
2025-07-28,13.7800,13.3700,15.2700,15.0300,18.2600,18.1600,20.2800,20.1400,89.8700,88.5900,0.8363,0.8276,0.9024,0.8896
2025-07-29,12.8500,14.6200,14.7700,15.9800,17.9700,18.7700,20.0300,20.6100,87.7600,95.1400,0.8219,0.8514,0.8700,0.9149
2025-07-30,14.4600,13.4600,15.9000,15.4800,18.7100,18.3500,20.6000,20.3000,95.6300,94.3300,0.8498,0.8436,0.9094,0.8695
2025-07-31,13.1800,15.1500,15.2900,16.7200,18.3500,19.1400,20.2600,20.8400,93.7800,98.3700,0.8332,0.8736,0.8620,0.9061
2025-08-01,18.0500,19.5300,18.9100,20.3800,20.5800,21.2400,21.9400,22.3300,106.1900,109.7900,0.9189,0.9595,0.9545,0.9583
2025-08-02,,,,,,,,,,,,,,
2025-08-03,,,,,,,,,,,,,,
2025-08-04,17.7000,16.4300,18.6700,17.5200,20.4100,19.6100,21.6700,21.0300,105.8100,95.8500,0.9147,0.8934,0.9480,0.9378
2025-08-05,16.5500,16.8100,17.5800,17.8500,19.7200,20.0300,21.0600,21.3300,96.1200,97.6500,0.8915,0.8912,0.9414,0.9417
2025-08-06,16.8800,15.0000,17.7400,16.7700,20.0800,19.4700,21.4200,21.0000,96.8300,97.8100,0.8835,0.8613,0.9515,0.8945
2025-08-07,14.6600,14.7600,16.2200,16.5700,19.1100,19.3500,20.6900,20.9100,94.4400,97.3700,0.8488,0.8563,0.9038,0.8908
2025-08-08,14.1000,12.8600,16.0900,15.1500,19.1600,18.7000,20.7400,20.4800,96.7500,93.1400,0.8398,0.8102,0.8763,0.8488
2025-08-09,,,,,,,,,,,,,,
2025-08-10,,,,,,,,,,,,,,
2025-08-11,14.9800,15.7500,15.9200,16.2500,19.1200,19.2500,20.6700,20.8000,95.6300,97.0900,0.8326,0.8442,0.9410,0.9692
2025-08-12,13.9700,13.1100,15.2900,14.7300,18.8000,18.3400,20.4800,20.2300,94.8300,92.8600,0.8133,0.8032,0.9137,0.8900
2025-08-13,12.7500,12.3800,14.3700,14.4900,18.1900,18.3300,20.0600,20.3500,94.1400,98.1700,0.7900,0.7905,0.8873,0.8544
2025-08-14,13.5200,12.9800,15.1300,14.8300,18.7400,18.4900,20.6400,20.4900,100.1200,98.0400,0.8074,0.8021,0.8936,0.8753
2025-08-15,12.8000,13.2700,14.6400,15.0900,18.3600,18.6400,20.3700,20.6600,96.2300,97.8500,0.7974,0.8095,0.8743,0.8794
2025-08-16,,,,,,,,,,,,,,
2025-08-17,,,,,,,,,,,,,,
2025-08-18,14.7100,13.7900,15.4300,14.9900,18.8800,18.4500,20.7600,20.5400,98.8400,96.6300,0.8173,0.8125,0.9533,0.9199
2025-08-19,13.8000,14.7000,14.9600,15.5700,18.4800,18.9000,20.5500,20.9700,95.3800,102.0900,0.8095,0.8238,0.9225,0.9441
2025-08-20,14.9900,15.0900,15.7800,15.6900,19.1000,19.1000,21.0400,21.0600,103.0500,98.6000,0.8262,0.8215,0.9499,0.9618
2025-08-21,16.0500,16.3700,16.5700,16.6000,19.6400,19.4100,21.5600,21.4000,100.5600,99.9900,0.8437,0.8552,0.9686,0.9861
2025-08-22,16.3100,11.8500,16.4900,14.2200,19.3300,17.7600,21.2300,20.1500,99.4600,89.7800,0.8531,0.8007,0.9891,0.8333
2025-08-23,,,,,,,,,,,,,,
2025-08-24,,,,,,,,,,,,,,
2025-08-25,13.6200,13.0100,15.0700,14.7900,18.0500,18.0200,20.4300,20.4800,93.4600,92.3000,0.8349,0.8208,0.9038,0.8796
2025-08-26,13.8700,12.9100,15.3400,14.6200,18.2800,17.9000,20.6900,20.4600,94.2200,91.6500,0.8392,0.8168,0.9042,0.8830
2025-08-27,13.3800,13.2700,14.9200,14.8500,18.0900,17.9400,20.6800,20.6200,92.9600,94.9300,0.8248,0.8278,0.8968,0.8936
2025-08-28,11.6700,11.6800,14.1400,14.4300,17.6700,17.7200,20.3800,20.4100,92.4300,92.0300,0.8002,0.8143,0.8253,0.8094
2025-08-29,11.7500,12.7200,14.5800,15.3600,17.8600,18.3500,20.4700,20.8300,91.9100,97.1700,0.8163,0.8371,0.8059,0.8281
2025-08-30,,,,,,,,,,,,,,
2025-08-31,,,,,,,,,,,,,,
2025-09-01,,,16.2800,16.1200,,,,,,,,,,
2025-09-02,19.5500,16.1700,19.1700,17.1700,20.5100,19.3800,22.2300,21.4200,107.8000,103.8800,0.9347,0.8860,1.0198,0.9418
2025-09-03,16.1100,14.4500,17.1400,16.3500,19.4800,18.9300,21.4800,21.0500,103.5200,99.6200,0.8799,0.8637,0.9399,0.8838
2025-09-04,14.3100,13.3200,16.1900,15.3000,18.9400,18.3900,21.0400,20.8100,99.3700,95.2800,0.8548,0.8320,0.8839,0.8706
2025-09-05,12.7600,12.6600,14.8500,15.1800,18.0500,18.4200,20.3600,20.6400,90.7200,93.0600,0.8227,0.8241,0.8593,0.8340
2025-09-06,,,,,,,,,,,,,,
2025-09-07,,,,,,,,,,,,,,
2025-09-08,14.2600,13.5000,15.4400,15.1100,18.6000,18.2900,20.6000,20.4900,93.5600,92.2900,0.8301,0.8261,0.9236,0.8934
2025-09-09,14.1100,13.6100,15.4400,15.0400,18.5100,18.2700,20.6100,20.5100,92.8500,93.1600,0.8341,0.8232,0.9139,0.9049
2025-09-10,13.3900,14.2900,14.8200,15.3500,18.2600,18.4400,20.4400,20.5800,99.0100,100.5300,0.8116,0.8324,0.9035,0.9309
2025-09-11,13.2800,12.9900,14.7800,14.7100,18.1700,18.0300,20.4100,20.3400,97.9000,96.3200,0.8134,0.8159,0.8985,0.8831
2025-09-12,13.0300,12.8500,14.7900,14.7600,18.1400,18.0600,20.4300,20.4000,95.5600,96.7800,0.8153,0.8173,0.8810,0.8706
2025-09-13,,,,,,,,,,,,,,
2025-09-14,,,,,,,,,,,,,,
2025-09-15,13.3600,14.7100,14.9600,15.6900,18.0900,18.5300,20.3500,20.7400,96.6000,99.5500,0.8270,0.8467,0.8930,0.9375
2025-09-16,14.7700,15.7900,15.6700,16.3600,18.6100,18.9100,20.7600,21.0100,99.6700,104.1000,0.8420,0.8652,0.9426,0.9652
2025-09-17,15.7200,14.5300,15.9800,15.7200,18.8000,18.4400,20.9400,20.6600,103.4700,96.1700,0.8500,0.8525,0.9837,0.9243
2025-09-18,13.7000,13.5300,15.3100,15.7000,18.2600,18.5200,20.5600,20.7300,94.2900,97.2800,0.8384,0.8477,0.8948,0.8618
2025-09-19,13.2600,12.4100,15.4500,15.4500,18.3400,18.4800,20.6200,20.7400,95.9200,96.9000,0.8424,0.8360,0.8583,0.8032
2025-09-20,,,,,,,,,,,,,,
2025-09-21,,,,,,,,,,,,,,
2025-09-22,14.2500,14.2500,16.0200,16.1000,18.8400,18.9500,20.9800,21.1000,99.8500,99.7500,0.8503,0.8496,0.8895,0.8851
2025-09-23,14.1500,14.6700,16.0000,16.6400,18.9600,19.4400,21.1400,21.4500,99.1400,101.2300,0.8439,0.8560,0.8844,0.8816
2025-09-24,14.4000,13.3900,16.3900,16.1800,19.2500,19.1400,21.3900,21.2100,100.4800,99.9900,0.8514,0.8454,0.8786,0.8276
2025-09-25,15.0300,14.1700,17.2600,16.7400,19.7500,19.4600,21.6600,21.3800,103.5000,100.3400,0.8739,0.8602,0.8708,0.8465
2025-09-26,14.1500,12.2700,16.6400,15.2900,19.3000,18.4100,21.3000,20.6700,99.2200,93.4000,0.8622,0.8305,0.8504,0.8025
2025-09-27,,,,,,,,,,,,,,
2025-09-28,,,,,,,,,,,,,,
2025-09-29,13.6300,13.5100,15.9700,16.1200,18.5700,18.7600,20.7200,20.9800,94.9500,96.7400,0.8600,0.8593,0.8535,0.8381
2025-09-30,13.7500,13.9500,16.3900,16.2800,18.9200,18.7700,21.0900,20.9500,97.5900,95.8900,0.8663,0.8673,0.8389,0.8569
2025-10-01,14.5600,13.5300,16.6500,16.2900,19.0000,18.7600,21.1600,20.9700,96.6000,93.2200,0.8763,0.8683,0.8745,0.8306
2025-10-02,13.2100,13.7900,16.0400,16.6300,18.6000,18.8900,20.8600,21.0800,92.4200,94.1000,0.8624,0.8804,0.8236,0.8292
2025-10-03,13.3400,13.4700,16.4300,16.6500,18.8700,19.0800,21.1000,21.2200,93.8200,94.7900,0.8707,0.8726,0.8119,0.8090
2025-10-04,,,,,,,,,,,,,,
2025-10-05,,,,,,,,,,,,,,
2025-10-06,14.2500,13.5700,16.7500,16.3700,19.1600,19.1200,21.1500,21.2500,96.9200,95.3800,0.8742,0.8562,0.8507,0.8290
2025-10-07,13.4300,14.9900,16.2900,17.2400,19.0700,19.7100,21.1600,21.5800,95.5400,98.7000,0.8542,0.8747,0.8244,0.8695
2025-10-08,14.6300,13.1700,17.0600,16.3000,19.5600,19.2600,21.5200,21.3600,98.5300,96.2200,0.8722,0.8463,0.8576,0.8080
2025-10-09,13.3000,13.9200,16.3700,16.4300,19.2400,19.3800,21.4100,21.3700,96.7600,97.2500,0.8508,0.8478,0.8125,0.8472
2025-10-10,13.8200,21.7000,16.5300,21.6600,19.4600,22.8100,21.4300,23.7800,97.9100,116.2500,0.8494,0.9496,0.8361,1.0018
2025-10-11,,,,,,,,,,,,,,
2025-10-12,,,,,,,,,,,,,,
2025-10-13,20.3700,18.0200,20.0900,19.0300,21.5900,20.9300,22.7400,22.4100,110.4300,106.4500,0.9305,0.9092,1.0139,0.9469
2025-10-14,22.3600,20.3800,21.7000,20.8100,22.4800,22.0300,23.4500,23.1800,114.0900,113.1900,0.9653,0.9446,1.0304,0.9793
2025-10-15,18.2900,19.2800,19.4400,20.6400,21.1900,21.9400,22.6500,23.2000,113.1800,117.3000,0.9174,0.9407,0.9408,0.9341
2025-10-16,18.9700,25.8700,20.2800,25.3100,21.6800,24.8700,23.0300,25.1500,115.9600,134.2500,0.9354,1.0177,0.9354,1.0221
2025-10-17,25.7100,19.8000,24.5100,20.7800,24.2400,22.0900,24.7500,23.3800,134.0200,115.6300,1.0111,0.9407,1.0490,0.9528
2025-10-18,,,,,,,,,,,,,,
2025-10-19,,,,,,,,,,,,,,
2025-10-20,20.2400,17.3500,19.9600,18.2300,21.4700,20.3100,23.0100,22.2800,113.7800,103.1800,0.9297,0.8976,1.0140,0.9517
2025-10-21,18.1600,16.8800,18.5900,17.8700,20.4400,19.9900,22.3900,22.1000,105.0800,103.3600,0.9095,0.8939,0.9769,0.9446
2025-10-22,18.1400,18.3500,18.9700,18.6000,20.3900,20.3100,22.3600,22.3700,104.9500,104.8700,0.9304,0.9158,0.9562,0.9866
2025-10-23,18.6800,16.6200,18.8300,17.3000,20.4700,19.6500,22.4500,21.9000,106.4500,98.6000,0.9199,0.8804,0.9920,0.9607
2025-10-24,15.7600,14.8500,16.5400,16.3700,19.1600,19.2000,21.4700,21.5400,95.2700,98.0300,0.8633,0.8526,0.9528,0.9071
2025-10-25,,,,,,,,,,,,,,
2025-10-26,,,,,,,,,,,,,,
2025-10-27,14.6000,14.6400,15.6200,15.7900,18.7300,18.9900,21.1500,21.4100,96.0600,97.4000,0.8340,0.8315,0.9347,0.9272
2025-10-28,14.8300,15.6300,15.7300,16.4200,18.9900,19.5500,21.4100,21.8500,96.6200,101.5100,0.8283,0.8399,0.9428,0.9519
2025-10-29,16.2300,15.6100,16.5300,16.9200,19.5700,19.8300,21.8800,22.0200,101.6200,103.5700,0.8447,0.8533,0.9819,0.9226
2025-10-30,15.5300,14.9000,16.7900,16.9100,19.8700,19.9800,22.0900,22.0800,102.1000,102.8400,0.8450,0.8463,0.9250,0.8811
2025-10-31,14.0900,14.7100,16.2500,17.4400,19.6800,20.4900,21.9100,22.5400,101.2300,104.4600,0.8257,0.8511,0.8671,0.8435
2025-11-01,,,,,,,,,,,,,,
2025-11-02,,,,,,,,,,,,,,
2025-11-03,15.5100,14.9700,17.4200,17.1700,20.3400,20.3800,22.3900,22.5400,104.8700,101.4300,0.8564,0.8425,0.8904,0.8719
2025-11-04,17.9500,17.7500,18.9800,19.0000,21.4300,21.2900,23.3400,23.1700,107.7000,104.4400,0.8857,0.8924,0.9457,0.9342
2025-11-05,17.8600,15.8700,19.0600,18.0100,21.3400,20.6000,23.1300,22.6400,104.5900,100.7700,0.8932,0.8743,0.9370,0.8812
2025-11-06,16.8200,18.1200,18.3600,19.5000,20.7200,21.3500,22.6800,23.1600,101.7600,105.7100,0.8861,0.9133,0.9161,0.9292
2025-11-07,20.0500,17.3100,20.8500,19.0800,22.2200,21.1900,23.7400,22.9900,111.1900,103.6000,0.9383,0.9004,0.9616,0.9072
2025-11-08,,,,,,,,,,,,,,
2025-11-09,,,,,,,,,,,,,,
2025-11-10,17.4200,16.0400,18.1800,17.6000,20.5700,20.2400,22.4900,22.3700,101.0000,98.9100,0.8838,0.8696,0.9582,0.9114
2025-11-11,16.0900,15.1800,17.6400,17.2800,20.3500,20.1900,22.5000,22.5000,99.2600,99.6000,0.8668,0.8559,0.9121,0.8785
2025-11-12,15.2000,15.3700,17.2900,17.5100,20.1300,20.3400,22.3600,22.5400,102.8100,103.4700,0.8589,0.8609,0.8791,0.8778
2025-11-13,16.4400,19.1700,18.1900,20.0000,20.7100,21.8500,22.7500,23.5900,104.2500,111.2500,0.8783,0.9153,0.9038,0.9585
2025-11-14,23.7200,18.6100,22.4300,19.8300,23.1700,21.5800,25.2900,23.3500,115.9700,107.9500,0.9681,0.9189,1.0575,0.9385
2025-11-15,,,,,,,,,,,,,,
2025-11-16,,,,,,,,,,,,,,
2025-11-17,21.4100,22.3300,21.2100,22.3800,22.3600,23.1800,23.8900,24.3200,110.8400,117.8600,0.9486,0.9655,1.0094,0.9978
2025-11-18,24.1600,25.1800,23.7400,24.6900,24.0800,24.5400,25.0000,25.2900,121.6800,124.3200,0.9859,1.0061,1.0177,1.0198
2025-11-19,24.7500,23.1000,23.9500,23.6600,24.3500,23.9900,25.0900,25.0000,123.2200,119.5700,0.9836,0.9862,1.0334,0.9763
2025-11-20,17.0600,26.3500,19.5000,26.4200,21.6900,25.7600,23.4400,26.2300,108.5600,128.6500,0.8990,1.0256,0.8749,0.9974
2025-11-21,25.0500,21.5100,25.2100,23.4300,25.0000,23.9600,25.7900,25.1600,125.4400,118.3400,1.0084,0.9779,0.9937,0.9181
2025-11-22,,,,,,,,,,,,,,
2025-11-23,,,,,,,,,,,,,,
2025-11-24,22.3000,18.5500,22.4500,20.5200,23.3200,21.8500,24.8900,23.7500,116.5500,103.9600,0.9627,0.9391,0.9933,0.9040
2025-11-25,18.5400,15.3900,20.2900,18.5600,21.7800,20.7300,23.7300,22.9800,104.1900,96.8500,0.9316,0.8953,0.9138,0.8292
2025-11-26,15.0400,13.3300,17.8600,17.1900,20.3700,20.0200,22.7600,22.4500,95.3100,92.1700,0.8768,0.8586,0.8421,0.7755
2025-11-27,,,17.2300,17.2100,,,,,,,,,,
2025-11-28,18.3400,13.6100,18.5200,16.3500,20.7300,19.6400,20.3500,22.1000,93.6300,90.3400,0.8934,0.8325,0.9903,0.8324
2025-11-29,,,,,,,,,,,,,,
2025-11-30,,,,,,,,,,,,,,
2025-12-01,17.7400,16.5500,17.9200,17.2400,20.5700,20.2200,22.6900,22.4500,96.1600,93.7600,0.8712,0.8526,0.9900,0.9600
2025-12-02,16.1800,15.4200,16.7800,16.5900,20.0000,19.8400,22.3000,22.2000,93.1500,91.7100,0.8390,0.8362,0.9642,0.9295
2025-12-03,16.7300,14.4600,16.9900,16.0800,20.1300,19.7100,22.4100,22.1000,93.9400,92.3900,0.8440,0.8158,0.9847,0.8993
2025-12-04,14.7300,14.3000,16.0300,15.7800,19.6800,19.4900,22.1300,21.9300,91.6000,91.2800,0.8145,0.8096,0.9189,0.9062
2025-12-05,14.6600,13.9000,15.7400,15.4100,19.4600,19.2700,21.8900,21.7100,91.0100,90.6500,0.8088,0.7997,0.9314,0.9020
2025-12-06,,,,,,,,,,,,,,
2025-12-07,,,,,,,,,,,,,,
2025-12-08,16.4000,16.2900,16.3800,16.6600,19.6500,19.9100,21.9000,22.1600,92.8200,97.3500,0.8336,0.8368,1.0012,0.9778
2025-12-09,17.0400,16.3000,17.0900,16.9300,20.1700,20.0800,22.3000,22.2500,97.9400,98.1400,0.8473,0.8431,0.9971,0.9628
2025-12-10,17.2500,14.6800,17.4600,15.7700,20.2900,19.3500,22.3500,21.6800,103.5200,99.1100,0.8605,0.8150,0.9880,0.9309
2025-12-11,14.8700,12.4600,16.1000,14.8500,19.6600,19.0500,21.9100,21.4000,100.3600,95.4100,0.8189,0.7795,0.9236,0.8391
2025-12-12,12.7900,13.4800,15.0900,15.7400,19.0800,19.2500,21.4400,21.6200,95.8400,97.3300,0.7909,0.8177,0.8476,0.8564
2025-12-13,,,,,,,,,,,,,,
2025-12-14,,,,,,,,,,,,,,
2025-12-15,14.0300,14.2000,16.0700,16.5000,19.3100,19.6800,21.5400,21.9500,97.8200,100.3700,0.8322,0.8384,0.8731,0.8606
2025-12-16,14.7700,13.8800,16.8100,16.4800,19.9200,19.6700,22.1100,21.9700,101.1000,98.3600,0.8439,0.8378,0.8786,0.8422
2025-12-17,13.6900,15.7500,16.1800,17.6200,19.5900,20.0800,21.7800,22.1400,98.0400,99.8900,0.8259,0.8775,0.8461,0.8939
2025-12-18,14.0900,13.9200,16.4600,16.8700,19.5100,19.5900,21.6900,21.7100,96.5800,92.6100,0.8437,0.8612,0.8560,0.8251
2025-12-19,12.9100,10.4900,16.0100,14.9100,19.0500,18.2500,21.3400,20.7900,90.8100,83.8700,0.8404,0.8170,0.8064,0.7036
2025-12-20,,,,,,,,,,,,,,
2025-12-21,,,,,,,,,,,,,,
2025-12-22,11.7800,10.5000,14.8600,14.0800,18.1600,17.7900,20.6400,20.4200,84.0600,81.9700,0.8183,0.7915,0.7927,0.7457
2025-12-23,10.6400,10.0600,14.1600,14.0000,17.8100,17.8400,20.4500,20.5800,83.4000,85.1400,0.7951,0.7848,0.7514,0.7186
2025-12-24,10.3700,9.1700,13.9400,13.4700,17.9300,17.7700,20.6000,20.5900,84.6900,85.2400,0.7775,0.7580,0.7439,0.6808
2025-12-25,,,,,,,,,,,,,,
2025-12-26,10.9400,9.6500,14.1900,13.6000,17.9300,17.7700,20.6600,20.6400,85.9800,84.2400,0.7914,0.7653,0.7710,0.7096
2025-12-27,,,,,,,,,,,,,,
2025-12-28,,,,,,,,,,,,,,
2025-12-29,12.4000,11.3700,14.8700,14.2000,18.2600,17.8200,20.9800,20.6000,87.9400,85.8800,0.8143,0.7969,0.8339,0.8007
2025-12-30,11.7100,11.4600,14.4000,14.3300,17.8800,17.7700,20.6800,20.6900,86.1600,87.1300,0.8054,0.8064,0.8132,0.7997
2025-12-31,11.5100,12.0000,14.5300,14.9500,17.8400,18.1800,20.7000,20.9400,87.3500,92.6700,0.8145,0.8223,0.7922,0.8027
2026-01-01,,,,,,,,,,,,,,
2026-01-02,12.1500,11.7200,14.7100,14.5100,18.0100,18.0200,20.7700,20.8700,91.0300,90.1000,0.8168,0.8052,0.8260,0.8077
2026-01-03,,,,,,,,,,,,,,
2026-01-04,,,,,,,,,,,,,,
2026-01-05,13.2600,12.4400,14.9300,14.9000,18.1700,18.3200,20.7700,20.9600,92.7500,90.5100,0.8217,0.8133,0.8881,0.8349
2026-01-06,12.5900,12.1300,14.9300,14.7500,18.3400,18.1500,20.9300,20.7800,90.4300,89.0100,0.8141,0.8127,0.8433,0.8224
2026-01-07,12.6600,12.5400,14.9800,15.3800,18.3100,18.5900,20.8700,21.1000,89.8100,91.8600,0.8181,0.8273,0.8451,0.8153
2026-01-08,13.1200,12.8300,15.6800,15.4500,18.7200,18.3900,21.2300,20.9100,92.5500,89.8500,0.8376,0.8401,0.8367,0.8304
2026-01-09,12.8700,10.8600,15.3800,14.4900,18.3800,17.8800,20.8700,20.5700,90.2800,88.1900,0.8368,0.8104,0.8368,0.7495
2026-01-10,,,,,,,,,,,,,,
2026-01-11,,,,,,,,,,,,,,
2026-01-12,13.2700,11.9400,15.7900,15.1200,18.5700,18.2300,20.9500,20.7000,93.8300,93.1300,0.8503,0.8294,0.8404,0.7897
2026-01-13,11.7400,12.5100,14.9800,15.9800,18.1900,18.8500,20.6700,21.2100,93.8200,101.0700,0.8235,0.8477,0.7837,0.7829
2026-01-14,14.1100,13.1800,17.2800,16.7500,19.4700,19.3700,21.5400,21.5300,107.6600,104.8500,0.8875,0.8647,0.8166,0.7869
2026-01-15,12.3000,12.3200,15.7600,15.8400,18.7800,18.9000,21.1300,21.2800,99.3500,100.9000,0.8392,0.8381,0.7805,0.7778
2026-01-16,12.1300,12.0900,15.4500,15.8600,18.8000,18.9900,21.1000,21.3200,100.5600,102.0500,0.8218,0.8352,0.7851,0.7623
2026-01-17,,,,,,,,,,,,,,
2026-01-18,,,,,,,,,,,,,,
2026-01-19,,,19.3200,18.8400,,,,,,,,,,
2026-01-20,20.1600,19.9300,19.6600,20.0900,21.1600,21.2800,22.7800,23.0400,118.2700,117.0500,0.9291,0.9441,1.0254,0.9920
2026-01-21,18.6100,15.8800,18.9800,16.9000,20.6500,19.3600,22.4700,21.6200,112.7200,102.5700,0.9191,0.8729,0.9805,0.9396
2026-01-22,14.7800,14.3800,15.9200,15.6400,18.8200,18.7500,21.2400,21.2700,100.1000,96.1200,0.8459,0.8341,0.9284,0.9194
2026-01-23,14.9800,15.0000,15.9200,16.0900,18.9000,19.1500,21.3600,21.5300,99.0300,101.8300,0.8423,0.8402,0.9410,0.9323
2026-01-24,,,,,,,,,,,,,,
2026-01-25,,,,,,,,,,,,,,
2026-01-26,16.0900,15.0500,16.4200,16.1500,19.0400,19.0700,21.5500,21.6000,102.6200,99.7500,0.8624,0.8469,0.9799,0.9319
2026-01-27,14.9800,14.8500,16.1300,16.3500,18.9400,19.2200,21.5400,21.7500,99.9100,101.2600,0.8516,0.8507,0.9287,0.9083
2026-01-28,14.9100,14.5400,16.3700,16.3500,19.2700,19.3000,21.7100,21.7200,101.4900,100.4600,0.8495,0.8472,0.9108,0.8893
2026-01-29,15.2300,15.2200,16.9900,16.8800,19.6500,19.6700,21.9900,21.9700,102.9200,101.7600,0.8646,0.8582,0.8964,0.9017
2026-01-30,16.2900,15.6900,17.4500,17.4400,19.8900,20.0700,22.1000,22.2300,103.1900,108.1800,0.8773,0.8690,0.9335,0.8997
2026-01-31,,,,,,,,,,,,,,
2026-02-01,,,,,,,,,,,,,,
2026-02-02,17.4300,14.4500,18.0600,16.3400,20.3700,19.3700,22.4100,21.6800,108.2300,98.7700,0.8866,0.8436,0.9651,0.8843
2026-02-03,14.3300,17.0700,16.1900,18.0000,19.3600,20.3500,21.6800,22.2400,99.0500,103.8200,0.8363,0.8845,0.8851,0.9483
2026-02-04,17.3400,18.6700,18.0500,18.6400,20.3500,20.6200,22.2400,22.3700,103.0200,106.1600,0.8870,0.9040,0.9607,1.0016
2026-02-05,23.1800,22.2900,21.7700,21.7700,22.4300,22.4500,23.5900,23.6600,113.9700,117.0700,0.9706,0.9697,1.0648,1.0239
2026-02-06,20.0300,15.4300,20.1700,17.7600,21.5600,20.3700,23.0700,22.2300,110.3400,100.9900,0.9355,0.8719,0.9931,0.8688
2026-02-07,,,,,,,,,,,,,,
2026-02-08,,,,,,,,,,,,,,
2026-02-09,17.3800,14.7500,18.8200,17.3600,21.0000,20.0900,22.6300,21.9400,104.8800,98.6000,0.8962,0.8641,0.9235,0.8497
2026-02-10,14.8500,14.9400,17.3100,17.7900,20.1400,20.4300,21.9600,22.3300,99.0800,100.8100,0.8595,0.8708,0.8579,0.8398
2026-02-11,13.2100,14.1800,16.7600,17.6500,19.9300,20.3700,21.9100,22.2600,101.5300,102.1500,0.8409,0.8665,0.7882,0.8034
2026-02-12,14.1500,19.8000,17.3500,20.8200,20.1900,22.1700,22.1100,23.4400,100.3900,112.3000,0.8593,0.9391,0.8156,0.9510
2026-02-13,20.0300,18.7700,20.9200,20.6000,22.2400,22.1700,23.5100,23.5600,113.4600,115.5200,0.9406,0.9292,0.9575,0.9112
2026-02-14,,,,,,,,,,,,,,
2026-02-15,,,,,,,,,,,,,,
2026-02-16,,,21.1000,21.2000,,,,,,,,,,
2026-02-17,22.5100,20.3100,21.7000,20.2900,22.5200,21.6000,23.9000,23.1800,116.7800,107.0900,0.9636,0.9394,1.0373,1.0010
2026-02-18,20.8100,19.0800,20.0400,19.6200,21.5500,21.3900,23.1900,23.0900,108.6600,108.6900,0.9299,0.9173,1.0384,0.9725
2026-02-19,20.6200,19.8700,20.4500,20.2300,21.8600,21.8800,23.5900,23.5600,112.3200,111.6700,0.9355,0.9246,1.0083,0.9822
2026-02-20,21.2700,18.0200,21.2100,19.0900,22.3900,21.0900,23.8400,23.0700,114.3900,108.7100,0.9473,0.9052,1.0028,0.9439
2026-02-21,,,,,,,,,,,,,,
2026-02-22,,,,,,,,,,,,,,
2026-02-23,19.5200,21.1100,19.6500,21.0100,21.2500,22.1400,23.1700,23.9100,110.5800,115.6600,0.9247,0.9490,0.9934,1.0048
2026-02-24,22.1200,18.6000,21.5300,19.5500,22.4000,21.3400,24.0100,23.3100,115.7000,108.6100,0.9612,0.9161,1.0274,0.9514
2026-02-25,17.2400,16.2800,18.7400,17.9300,20.8200,20.3600,23.0100,22.7900,106.4300,103.9800,0.9001,0.8806,0.9200,0.9080
2026-02-26,16.4100,16.6500,17.9500,18.6300,20.4600,20.8100,22.9200,23.0900,103.8700,104.1500,0.8773,0.8952,0.9142,0.8937
2026-02-27,21.0600,18.5900,21.2900,19.8600,22.1900,21.5600,23.9800,23.5900,110.9600,110.8900,0.9594,0.9212,0.9892,0.9361
2026-02-28,,,,,,,,,,,,,,
2026-03-01,,,,,,,,,,,,,,
2026-03-02,24.3900,21.1800,23.2100,21.4400,23.5200,22.4400,24.8200,24.1500,118.7600,113.4400,0.9868,0.9554,1.0508,0.9879
2026-03-03,27.1200,24.5500,24.9900,23.5700,24.4300,23.5400,25.5800,24.7500,120.6500,116.0200,1.0229,1.0013,1.0852,1.0416
2026-03-04,22.5800,20.6000,22.3100,21.1500,23.0000,22.2900,24.3200,23.9000,114.0000,106.9400,0.9700,0.9489,1.0121,0.9740
2026-03-05,22.2900,23.5500,22.2600,23.7500,23.0100,23.8600,24.3400,24.9200,110.9200,115.9300,0.9674,0.9954,1.0013,0.9916
2026-03-06,29.2000,30.4400,27.5800,29.4900,26.0800,27.5600,26.4500,27.9900,127.8200,140.4400,1.0575,1.0700,1.0587,1.0322
2026-03-07,,,,,,,,,,,,,,
2026-03-08,,,,,,,,,,,,,,
2026-03-09,33.0200,27.8500,30.3700,25.5000,28.0400,25.3400,27.8400,26.1400,137.0700,122.6000,1.0831,1.0063,1.0873,1.0922
2026-03-10,25.2000,25.5400,24.2500,24.9300,24.9400,25.5100,25.6900,26.3900,120.8000,125.3600,0.9723,0.9773,1.0392,1.0245
2026-03-11,24.5500,24.4400,24.4800,24.2300,25.2900,24.9700,26.1200,25.8500,128.3700,122.4900,0.9680,0.9704,1.0029,1.0087
2026-03-12,27.2100,28.9800,26.2600,27.2900,26.2700,26.9500,26.6500,27.2600,129.1900,130.1800,0.9996,1.0126,1.0362,1.0619
2026-03-13,26.3500,28.0000,25.4900,27.1900,25.9200,27.2800,26.3700,27.4300,127.5300,131.0500,0.9834,0.9967,1.0337,1.0298
2026-03-14,,,,,,,,,,,,,,
2026-03-15,,,,,,,,,,,,,,
2026-03-16,26.3000,24.3300,25.0600,23.5100,25.9800,24.9200,26.3700,25.6300,125.4200,116.7800,0.9646,0.9434,1.0495,1.0349
2026-03-17,23.0000,22.3600,22.3600,22.3700,24.2600,24.3300,25.2000,25.2800,115.0300,110.5500,0.9217,0.9194,1.0286,0.9996
2026-03-18,24.0200,26.0300,22.9300,25.0900,25.0000,26.5600,25.7600,27.2000,114.8200,126.5000,0.9172,0.9447,1.0475,1.0375
2026-03-19,28.5900,24.0900,27.2300,24.0600,27.9600,25.5400,28.1700,26.4400,134.0000,118.0900,0.9739,0.9421,1.0499,1.0012
2026-03-20,24.8900,26.9500,24.8900,26.7800,26.0700,27.4300,26.9000,28.3500,119.0200,126.2800,0.9547,0.9763,1.0000,1.0063
2026-03-21,,,,,,,,,,,,,,
2026-03-22,,,,,,,,,,,,,,
2026-03-23,26.8000,27.7600,24.9800,26.1500,25.6000,26.1000,26.3800,26.9400,121.1500,122.8200,0.9758,1.0019,1.0729,1.0616
2026-03-24,29.2200,28.2100,27.3000,26.9500,26.8600,26.5600,27.4900,27.2200,125.5900,124.1400,1.0164,1.0147,1.0703,1.0468
2026-03-25,26.6000,25.2600,25.1800,25.3300,25.5300,25.6300,26.5000,26.6900,120.6300,119.3700,0.9863,0.9883,1.0564,0.9972
2026-03-26,27.7700,27.0500,27.0100,27.4400,26.5200,27.1600,27.3500,27.9100,121.6200,124.4300,1.0185,1.0103,1.0281,0.9858
2026-03-27,29.2900,30.6400,29.7300,31.0500,28.4200,29.2700,28.8200,29.7800,129.4000,133.1800,1.0461,1.0608,0.9852,0.9868
2026-03-28,,,,,,,,,,,,,,
2026-03-29,,,,,,,,,,,,,,
2026-03-30,30.7400,30.5700,29.6400,30.6100,28.1000,29.1300,28.7700,29.6800,130.3900,127.8400,1.0548,1.0508,1.0371,0.9987
2026-03-31,27.7700,24.1800,27.9500,25.2500,27.3700,25.5500,28.3300,26.9300,123.2800,116.0500,1.0212,0.9883,0.9936,0.9576
2026-04-01,24.3900,23.6100,24.8700,24.5400,25.2400,24.8600,26.5900,26.1700,116.0200,114.8300,0.9853,0.9871,0.9807,0.9621
2026-04-02,26.5400,21.7100,27.2200,23.8700,26.6700,24.7200,27.4800,26.0300,122.3800,115.3300,1.0206,0.9656,0.9750,0.9095
2026-04-03,,,,,,,,,,,,,,
2026-04-04,,,,,,,,,,,,,,
2026-04-05,,,,,,,,,,,,,,
2026-04-06,24.9600,23.9000,24.9100,24.1700,25.3100,24.7700,26.1800,25.8200,117.1600,113.5300,0.9842,0.9758,1.0020,0.9888
2026-04-07,26.4600,27.2700,25.3700,25.7800,25.4500,25.5700,26.0500,26.4100,115.9200,117.3000,0.9969,1.0082,1.0430,1.0578
2026-04-08,17.6200,19.1600,20.2600,21.0400,22.3800,22.6800,23.8700,24.0200,111.7400,111.0700,0.9053,0.9277,0.8697,0.9106
2026-04-09,18.9800,16.8100,21.1200,19.4900,22.8900,21.8100,24.1000,23.3900,110.8900,105.3700,0.9227,0.8936,0.8987,0.8625
2026-04-10,16.6200,16.3600,18.9700,19.2300,21.4800,21.8600,23.1400,23.5100,105.3500,107.3000,0.8831,0.8797,0.8761,0.8508
2026-04-11,,,,,,,,,,,,,,
2026-04-12,,,,,,,,,,,,,,
2026-04-13,19.1600,17.3300,20.3900,19.1200,22.5600,21.3400,23.8700,23.0000,110.4600,102.6300,0.9038,0.8960,0.9397,0.9064
2026-04-14,16.8400,16.7000,18.2500,18.3600,20.5700,20.8200,22.5900,22.7700,100.1300,95.4000,0.8872,0.8818,0.9227,0.9096
2026-04-15,16.2400,16.0100,17.6900,18.1700,20.2800,20.7800,22.4900,22.8400,95.2200,97.6500,0.8723,0.8744,0.9180,0.8811
2026-04-16,16.6800,15.4600,18.3200,17.9400,20.8500,20.7700,22.8700,22.7800,97.6200,96.8000,0.8787,0.8637,0.9105,0.8618
2026-04-17,15.3000,14.8100,17.4500,17.4800,20.5200,20.5100,22.5300,22.5700,93.7600,95.1300,0.8504,0.8523,0.8768,0.8473
2026-04-18,,,,,,,,,,,,,,
2026-04-19,,,,,,,,,,,,,,
2026-04-20,18.2000,17.7900,18.8400,18.8700,21.0600,21.2400,22.9000,23.1400,98.1900,98.1500,0.8946,0.8884,0.9660,0.9428
2026-04-21,18.6400,18.6800,19.1700,19.5000,21.3200,21.5100,23.1500,23.1900,98.3200,101.8900,0.8992,0.9066,0.9724,0.9579
2026-04-22,18.1800,17.2900,18.9900,18.9200,21.1700,21.2400,23.0700,23.1300,99.4200,98.7300,0.8970,0.8908,0.9573,0.9138
2026-04-23,18.3500,18.0400,19.3300,19.3100,21.4100,21.4800,23.3300,23.3100,99.6300,98.5700,0.9028,0.8990,0.9493,0.9342
2026-04-24,17.9100,16.7100,19.1000,18.7100,21.3300,21.3000,23.1900,23.2700,97.7900,97.1800,0.8955,0.8784,0.9377,0.8931
2026-04-25,,,,,,,,,,,,,,
2026-04-26,,,,,,,,,,,,,,
2026-04-27,18.4200,16.6900,19.1300,18.0200,21.4300,20.7700,23.3700,23.0300,98.4600,93.8600,0.8927,0.8676,0.9629,0.9262
2026-04-28,18.2500,16.6900,18.9200,17.8300,21.3900,20.4900,23.4900,22.8700,96.0800,91.0300,0.8845,0.8702,0.9646,0.9361
2026-04-29,17.8900,17.6100,18.3700,18.8100,20.7400,21.1900,23.0100,23.2500,92.2700,96.0200,0.8857,0.8877,0.9739,0.9362
2026-04-30,16.4300,14.3700,17.9400,16.8900,20.7000,20.0800,22.9600,22.6100,94.3900,93.7000,0.8667,0.8411,0.9158,0.8508
2026-05-01,14.2600,14.1500,16.7500,16.9900,19.9800,20.3700,22.3500,22.6900,94.6600,95.1700,0.8383,0.8341,0.8513,0.8328
2026-05-02,,,,,,,,,,,,,,
2026-05-03,,,,,,,,,,,,,,
2026-05-04,16.2200,16.6000,17.7300,18.2900,20.7200,21.0500,22.9100,23.0700,97.1600,98.2900,0.8557,0.8689,0.9148,0.9076
2026-05-05,15.2700,14.6400,17.4000,17.3800,20.4800,20.8200,22.7000,22.9400,96.3000,95.2600,0.8496,0.8348,0.8776,0.8423
2026-05-06,14.2600,14.7600,16.9400,17.3900,20.3900,20.5700,22.6200,22.6500,92.6300,93.7000,0.8308,0.8454,0.8418,0.8488
2026-05-07,15.0100,14.5600,17.3400,17.0800,20.4500,20.3500,22.5900,22.4800,92.2900,93.6100,0.8479,0.8393,0.8656,0.8525
2026-05-08,14.7100,14.2100,17.0800,17.1900,20.4000,20.5000,22.5400,22.5900,94.1000,96.7800,0.8373,0.8385,0.8612,0.8266
2026-05-09,,,,,,,,,,,,,,
2026-05-10,,,,,,,,,,,,,,
2026-05-11,16.6600,16.8900,18.2400,18.3800,21.0100,21.2400,22.9300,23.0600,99.4000,98.0600,0.8682,0.8653,0.9134,0.9189
2026-05-12,17.2800,16.3400,18.6700,17.9900,21.4400,21.0400,23.2100,23.0300,102.5900,98.5500,0.8708,0.8550,0.9255,0.9083
2026-05-13,16.7300,15.8700,18.1800,17.8700,21.1800,21.1800,23.0900,23.2000,98.9100,98.3600,0.8584,0.8437,0.9202,0.8881
2026-05-14,15.9100,15.1400,17.9000,17.2600,21.2700,20.8500,23.2200,22.9800,97.2200,94.2600,0.8416,0.8278,0.8888,0.8772
2026-05-15,17.2100,16.3700,18.7000,18.4300,21.7500,21.3600,23.5500,23.2500,97.6600,92.9400,0.8598,0.8628,0.9203,0.8882
2026-05-16,,,,,,,,,,,,,,
2026-05-17,,,,,,,,,,,,,,
2026-05-18,16.8100,16.8600,18.5300,17.8200,21.3300,20.9200,23.1600,22.8600,93.2900,91.1800,0.8687,0.8518,0.9072,0.9461
2026-05-19,17.2000,16.6400,18.1500,18.0600,21.1700,21.1200,23.0600,23.0100,93.0600,94.6100,0.8573,0.8551,0.9477,0.9214
2026-05-20,16.5800,15.1400,18.0600,17.4400,21.0600,20.7600,22.9700,22.8100,93.5600,96.4500,0.8575,0.8401,0.9181,0.8681
2026-05-21,15.6100,14.0800,17.8300,16.7600,20.9500,20.0000,23.0000,22.2700,97.1200,91.8800,0.8511,0.8380,0.8755,0.8401
2026-05-22,14.1000,14.0700,16.7000,16.7000,20.0400,20.0300,22.3500,22.3500,92.2100,91.1600,0.8333,0.8337,0.8443,0.8425
2026-05-23,,,,,,,,,,,,,,
2026-05-24,,,,,,,,,,,,,,
2026-05-25,,,16.6300,16.5900,,,,,,,,,,
2026-05-26,15.0500,14.8400,16.8200,17.0100,19.8300,19.8900,22.2700,22.4600,89.7400,89.5500,0.8482,0.8552,0.8948,0.8724
2026-05-27,14.7800,13.2700,16.9800,16.2900,19.8600,19.4500,22.3800,22.1100,89.6300,87.5300,0.8550,0.8375,0.8704,0.8146
2026-05-28,13.8000,12.9800,16.4500,15.7400,19.5600,19.1100,22.2000,21.9500,88.3100,86.0300,0.8410,0.8237,0.8389,0.8247
2026-05-29,13.1200,12.5900,15.7100,15.3200,19.0500,18.6600,21.9500,21.6000,85.2800,86.0600,0.8247,0.8210,0.8351,0.8218
2026-05-30,,,,,,,,,,,,,,
2026-05-31,,,,,,,,,,,,,,
2026-06-01,14.8100,13.7600,16.3400,16.0500,19.2500,19.4300,21.9500,22.1300,90.0700,91.6000,0.8488,0.8260,0.9064,0.8573
2026-06-02,14.1200,13.1900,16.1400,15.7700,19.5000,19.4900,22.1800,22.1300,90.0700,90.5300,0.8277,0.8091,0.8748,0.8364
2026-06-03,13.8800,13.4100,16.2100,16.0600,19.7300,19.7600,22.2700,22.3200,91.3600,89.8000,0.8216,0.8128,0.8563,0.8350
2026-06-04,14.4400,12.6500,16.4400,15.4000,19.9400,19.2300,22.4400,21.8900,91.4400,85.7500,0.8245,0.8008,0.8783,0.8214
2026-06-05,14.1200,23.9200,16.0400,21.5100,19.5500,21.8200,22.1200,23.4900,87.7200,102.0400,0.8205,0.9858,0.8803,1.1120
2026-06-06,,,,,,,,,,,,,,
2026-06-07,,,,,,,,,,,,,,
2026-06-08,19.5200,19.6900,18.5000,18.9200,20.6100,20.7900,22.5900,22.6700,96.7500,92.4000,0.8976,0.9101,1.0551,1.0407
2026-06-09,17.8500,22.1400,17.8300,19.8700,20.3400,21.3100,22.3300,22.9700,91.6100,95.8100,0.8766,0.9324,1.0011,1.1142
2026-06-10,23.8700,25.6700,21.0700,22.2200,21.9800,22.8900,23.4400,24.1300,103.8000,108.1600,0.9586,0.9707,1.1329,1.1553
2026-07-29,20.38,20.38,20.66,20.66,21.5,21.5,23.06,23.06,109.47,109.47,0.9609,0.9609,0.9864,0.9864
2026-07-30,14.85,14.85,17.09,17.09,19.5,19.5,21.61,21.61,94.66,94.66,0.8764,0.8764,0.8689,0.8689
2026-07-31,13.05,13.05,15.99,15.99,19.02,19.02,21.34,21.34,91.64,91.64,0.8407,0.8407,0.8161,0.8161
2026-08-03,13.28,13.28,15.86,15.86,18.93,18.93,21.2,21.2,90.81,90.81,0.8378,0.8378,0.8373,0.8373
2026-08-04,15.04,15.04,16.5,16.5,19.34,19.34,21.35,21.35,92.57,92.57,0.8532,0.8532,0.9115,0.9115
2026-08-05,13.79,13.79,15.81,15.81,18.95,18.95,21.06,21.06,90.43,90.43,0.8343,0.8343,0.8722,0.8722
2026-08-06,12.66,12.66,15.15,15.15,18.69,18.69,20.91,20.91,88.72,88.72,0.8106,0.8106,0.8356,0.8356
2026-08-07,11.96,11.96,14.9,14.9,18.72,18.72,21.02,21.02,90.42,90.42,0.7959,0.7959,0.8027,0.8027
2026-08-10,12.77,12.77,15.46,15.46,18.98,18.98,21.14,21.14,92.51,92.51,0.8145,0.8145,0.826,0.826
2026-08-11,12.52,12.52,15.28,15.28,18.91,18.91,21.1,21.1,90.9,90.9,0.808,0.808,0.8194,0.8194
2026-08-12,11.09,11.09,14.55,14.55,18.53,18.53,20.82,20.82,88.5,88.5,0.7852,0.7852,0.7622,0.7622
2026-08-13,11.37,11.37,14.63,14.63,18.61,18.61,20.93,20.93,89.42,89.42,0.7861,0.7861,0.7772,0.7772
2026-08-17,12.39,12.39,15.19,15.19,19.04,19.04,21.33,21.33,93.92,93.92,0.7978,0.7978,0.8157,0.8157
2026-08-18,13.59,13.59,15.84,15.84,19.27,19.27,21.37,21.37,92.87,92.87,0.822,0.822,0.858,0.858
